"acceptedTaxonID","division","class","order","family","genus","specificEpithet","infraspecificEpithet","scientificName","taxonRank"
"NEONDREX187002","Chrysophyta","Bacillariophyceae","Pennales","Achnanthidiaceae","Eucocconeis","laevis",NA,"Eucocconeis laevis (Østrup) Lange-Bertalot","species"
"NEONDREX27002","Chrysophyta","Bacillariophyceae","Pennales","Fragilariaceae","Diatoma","mesodon",NA,"Diatoma mesodon (Ehrenberg) Kützing","species"
"NEONDREX55004","Chrysophyta","Bacillariophyceae","Pennales","Gomphonemataceae","Reimeria","uniseriata",NA,"Reimeria uniseriata Sala, Guerrero et Ferrario","species"
"NEONDREX1059","Chrysophyta","Bacillariophyceae","Pennales","Achnanthidiaceae","Achnanthidium","kriegeri",NA,"Achnanthidium kriegeri (Krasske) Hamilton, Antoniades et Siver","species"
"NEONDREX55002","Chrysophyta","Bacillariophyceae","Pennales","Gomphonemataceae","Reimeria","sinuata",NA,"Reimeria sinuata (Gregory) Kociolek et Stoermer","species"
"NEONDREX47006","Chrysophyta","Bacillariophyceae","Pennales","Neidiaceae","Neidium","alpinum",NA,"Neidium alpinum Hustedt","species"
"NEONDREX46166","Chrysophyta","Bacillariophyceae","Pennales","Naviculaceae","Navicula","pseudoventralis",NA,"Navicula pseudoventralis Hustedt","species"
"NEONDREX204002","Chrysophyta","Bacillariophyceae","Pennales","Naviculaceae","Adlafia","minuscula",NA,"Adlafia minuscula (Grunow) Lange-Bertalot","species"
"NEONDREX1010","Chrysophyta","Bacillariophyceae","Pennales","Achnanthidiaceae","Achnanthidium","minutissimum",NA,"Achnanthidium minutissimum (Kützing) Czarnecki","species"
"NEONDREX48008","Chrysophyta","Bacillariophyceae","Pennales","Bacillariaceae","Nitzschia","dissipata",NA,"Nitzschia dissipata (Kützing) Grunow","species"
"NEONDREX34030","Chrysophyta","Bacillariophyceae","Pennales","Fragilariaceae","Fragilaria","vaucheriae",NA,"Fragilaria vaucheriae (Kützing) Petersen","species"
"NEONDREX189004","Chrysophyta","Bacillariophyceae","Pennales","Achnanthaceae","Rossithidium","petersennii",NA,"Rossithidium petersennii (Hustedt) Round et Bukhtiyarova","species"
"NEONDREX35036","Chrysophyta","Bacillariophyceae","Pennales","Amphipleuraceae","Frustulia","amphipleuroides",NA,"Frustulia amphipleuroides (Grunow) Cleve-Euler","species"
"NEONDREX1027","Chrysophyta","Bacillariophyceae","Pennales","Achnanthidiaceae","Achnanthidium","kranzii",NA,"Achnanthidium kranzii (Lange-Bertalot) Round et Bukhtiyarova","species"
"NEONDREX186005","Chrysophyta","Bacillariophyceae","Pennales","Achnanthaceae","Psammothidium","marginulatum",NA,"Psammothidium marginulatum (Grunow) Bukhtiyarova et Round","species"
"NEONDREX37473","Chrysophyta","Bacillariophyceae","Pennales","Gomphonemataceae","Gomphonema","sp.",NA,"Gomphonema sp.","genus"
"NEONDREX37168","Chrysophyta","Bacillariophyceae","Pennales","Gomphonemataceae","Gomphonema","micropus",NA,"Gomphonema micropus Kützing","species"
"NEONDREX34098","Chrysophyta","Bacillariophyceae","Pennales","Fragilariaceae","Fragilaria","capucina","var. gracilis","Fragilaria capucina var. gracilis (Østrup) Hustedt","variety"
"NEONDREX852004","Cyanophyta","Myxophyceae","Oscillatoriales","Pseudanabaenaceae","Homoeothrix","janthina",NA,"Homoeothrix janthina (Bornet et Flahault) Starmach","species"
"NEONDREX45001","Chrysophyta","Bacillariophyceae","Pennales","Fragilariaceae","Meridion","circulare",NA,"Meridion circulare (Greville) Agardh","species"
"NEONDREX48416","Chrysophyta","Bacillariophyceae","Pennales","Bacillariaceae","Nitzschia","homburgiensis",NA,"Nitzschia homburgiensis Lange-Bertalot","species"
"NEONDREX16003","Chrysophyta","Bacillariophyceae","Pennales","Achnanthaceae","Cocconeis","placentula","var. lineata","Cocconeis placentula var. lineata (Ehrenberg) Van Heurck","variety"
"NEONDREX46023","Chrysophyta","Bacillariophyceae","Pennales","Naviculaceae","Navicula","gregaria",NA,"Navicula gregaria Donkin","species"
"NEONDREX39001","Chrysophyta","Bacillariophyceae","Pennales","Fragilariaceae","Hannaea","arcus",NA,"Hannaea arcus (Ehrenberg) Patrick","species"
"NEONDREX155031","Chrysophyta","Bacillariophyceae","Pennales","Achnanthaceae","Planothidium","haynaldii",NA,"Planothidium haynaldii (Schaarschmidt) Lange-Bertalot","species"
"NEONDREX1036","Chrysophyta","Bacillariophyceae","Pennales","Achnanthidiaceae","Achnanthidium","rivulare",NA,"Achnanthidium rivulare Potapova et Ponader","species"
"NEONDREX155003","Chrysophyta","Bacillariophyceae","Pennales","Achnanthaceae","Planothidium","lanceolatum",NA,"Planothidium lanceolatum (Brébisson ex Kützing) Lange-Bertalot","species"
"NEONDREX37062","Chrysophyta","Bacillariophyceae","Pennales","Gomphonemataceae","Gomphonema","olivaceoides",NA,"Gomphonema olivaceoides Hustedt","species"
"NEONDREX48029","Chrysophyta","Bacillariophyceae","Pennales","Bacillariaceae","Nitzschia","recta",NA,"Nitzschia recta Hantzsch ex Rabenhorst","species"
"NEONDREX110005","Chrysophyta","Bacillariophyceae","Pennales","Cymbellaceae","Encyonema","silesiacum",NA,"Encyonema silesiacum (Bleisch) Mann","species"
"NEONDREX204004","Chrysophyta","Bacillariophyceae","Pennales","Naviculaceae","Adlafia","suchlandtii",NA,"Adlafia suchlandtii (Hustedt) Moser, Lange-Bertalot et Metzeltin","species"
"NEONDREX33172","Chrysophyta","Bacillariophyceae","Pennales","Eunotiaceae","Eunotia","faba",NA,"Eunotia faba (Ehrenberg) Grunow","species"
"NEONDREX110014","Chrysophyta","Bacillariophyceae","Pennales","Cymbellaceae","Encyonema","reichardtii",NA,"Encyonema reichardtii (Krammer) Mann","species"
"NEONDREX48025","Chrysophyta","Bacillariophyceae","Pennales","Bacillariaceae","Nitzschia","palea",NA,"Nitzschia palea (Kützing) Smith","species"
"NEONDREX110004","Chrysophyta","Bacillariophyceae","Pennales","Cymbellaceae","Encyonema","minutum",NA,"Encyonema minutum (Hilse) Mann","species"
"NEONDREX37197","Chrysophyta","Bacillariophyceae","Pennales","Gomphonemataceae","Gomphonema","kobayasii",NA,"Gomphonema kobayasii Kociolek et Kingston","species"
"NEONDREX48347","Chrysophyta","Bacillariophyceae","Pennales","Bacillariaceae","Nitzschia","acidoclinata",NA,"Nitzschia acidoclinata Lange-Bertalot","species"
"NEONDREX62008","Chrysophyta","Bacillariophyceae","Pennales","Stauroneidaceae","Stauroneis","kriegeri",NA,"Stauroneis kriegeri Patrick","species"
"NEONDREX46401","Chrysophyta","Bacillariophyceae","Pennales","Naviculaceae","Navicula","tenelloides",NA,"Navicula tenelloides Hustedt","species"
"BATRACHOSPFSP","Rhodophyta","Rhodophyceae","Batrachospermales","Batrachospermaceae",NA,"sp.",NA,"Batrachospermaceae sp.","family"
"NEONDREX37010","Chrysophyta","Bacillariophyceae","Pennales","Gomphonemataceae","Gomphonema","parvulum",NA,"Gomphonema parvulum (Kützing) Kützing","species"
"NEONDREX245001","Chrysophyta","Bacillariophyceae","Pennales","Fragilariaceae","Ulnaria","ulna",NA,"Ulnaria ulna (Nitzsch) Compère","species"
"NEONDREX189006","Chrysophyta","Bacillariophyceae","Pennales","Achnanthaceae","Rossithidium","nodosum",NA,"Rossithidium nodosum (A. Cleve) Aboal","species"
"NEONDREX190005","Chrysophyta","Bacillariophyceae","Pennales","Naviculaceae","Cymbopleura","naviculiformis",NA,"Cymbopleura naviculiformis (Auerswald) Krammer","species"
"NEONDREX64010","Chrysophyta","Bacillariophyceae","Centrales","Stephanodiscaceae","Stephanodiscus","hantzschii",NA,"Stephanodiscus hantzschii Grunow","species"
"NEONDREX189003","Chrysophyta","Bacillariophyceae","Pennales","Achnanthaceae","Rossithidium","pusillum",NA,"Rossithidium pusillum (Grunow) Round et Bukhtiyarova","species"
"NEONDREX197005","Chrysophyta","Bacillariophyceae","Pennales","Diadesmidaceae","Diadesmis","perpusilla",NA,"Diadesmis perpusilla (Grunow) Mann","species"
"BACILLARIOCSP","Chrysophyta","Bacillariophyceae",NA,NA,NA,"sp.",NA,"Bacillariophyceae sp.","class"
"NEONDREX110012","Chrysophyta","Bacillariophyceae","Pennales","Cymbellaceae","Encyonema","perpusillum",NA,"Encyonema perpusillum (Cleve-Euler) Mann","species"
"NEONDREX33185","Chrysophyta","Bacillariophyceae","Pennales","Eunotiaceae","Eunotia","bilunaris",NA,"Eunotia bilunaris (Ehrenberg) Souza","species"
"NEONDREX7043","Chrysophyta","Bacillariophyceae","Pennales","Catenulaceae","Amphora","pediculus",NA,"Amphora pediculus (Kützing) Grunow","species"
"NEONDREX33362","Chrysophyta","Bacillariophyceae","Pennales","Eunotiaceae","Eunotia","sp.",NA,"Eunotia sp.","genus"
"MYXOPHYCEAESP","Cyanophyta","Myxophyceae",NA,NA,NA,"sp.",NA,"Myxophyceae sp.","class"
"NEONDREX103107","Chrysophyta","Bacillariophyceae","Pennales","Pinnulariaceae","Pinnularia","sp.",NA,"Pinnularia sp.","genus"
"NEONDREX197002","Chrysophyta","Bacillariophyceae","Pennales","Diadesmidaceae","Diadesmis","contenta",NA,"Diadesmis contenta (Grunow ex Van Heurck) Mann","species"
"NEONDREX863016","Cyanophyta","Myxophyceae","Oscillatoriales","Pseudanabaenaceae","Leptolyngbya","sp.",NA,"Leptolyngbya sp.","genus"
"NEONDREX37302","Chrysophyta","Bacillariophyceae","Pennales","Gomphonemataceae","Gomphonema","drutelingense",NA,"Gomphonema drutelingense Reichardt","species"
"NEONDREX33183","Chrysophyta","Bacillariophyceae","Pennales","Eunotiaceae","Eunotia","minor",NA,"Eunotia minor (Kützing) Grunow","species"
"NEONDREX12001","Chrysophyta","Bacillariophyceae","Pennales","Pinnulariaceae","Caloneis","bacillum",NA,"Caloneis bacillum (Grunow) Cleve","species"
"NEONDREX890025","Cyanophyta","Myxophyceae","Oscillatoriales","Phormidiaceae","Phormidium","sp.",NA,"Phormidium sp.","genus"
"NEONDREX67004","Chrysophyta","Bacillariophyceae","Pennales","Tabellariaceae","Tabellaria","flocculosa",NA,"Tabellaria flocculosa (Roth) Kützing","species"
"NEONDREX37055","Chrysophyta","Bacillariophyceae","Pennales","Gomphonemataceae","Gomphonema","productum",NA,"Gomphonema productum (Grunow) Lange-Bertalot et Reichardt","species"
"NEONDREX37003","Chrysophyta","Bacillariophyceae","Pennales","Gomphonemataceae","Gomphonema","angustatum",NA,"Gomphonema angustatum (Kützing) Rabenhorst","species"
"NEONDREX33245","Chrysophyta","Bacillariophyceae","Pennales","Eunotiaceae","Eunotia","subarcuatoides",NA,"Eunotia subarcuatoides Alles, Nörpel et Lange-Bertalot","species"
"NEONDREX211010","Chrysophyta","Bacillariophyceae","Pennales","Naviculaceae","Mayamaea","permitis",NA,"Mayamaea permitis (Hustedt) Bruder et Medlin","species"
"NEONDREX1044","Chrysophyta","Bacillariophyceae","Pennales","Achnanthidiaceae","Achnanthidium","caledonicum",NA,"Achnanthidium caledonicum (Lange-Bertalot) Lange Bertalot","species"
"NEONDREX35024","Chrysophyta","Bacillariophyceae","Pennales","Amphipleuraceae","Frustulia","crassinervia",NA,"Frustulia crassinervia (Brébisson) Lange-Bertalot et Krammer","species"
"NEONDREX27012","Chrysophyta","Bacillariophyceae","Pennales","Fragilariaceae","Diatoma","tenuis",NA,"Diatoma tenuis Agardh","species"
"NEONDREX37152","Chrysophyta","Bacillariophyceae","Pennales","Gomphonemataceae","Gomphonema","sarcophagus",NA,"Gomphonema sarcophagus Gregory","species"
"NEONDREX48123","Chrysophyta","Bacillariophyceae","Pennales","Bacillariaceae","Nitzschia","pusilla",NA,"Nitzschia pusilla Grunow","species"
"NEONDREX52025","Chrysophyta","Bacillariophyceae","Pennales","Pinnulariaceae","Pinnularia","divergens",NA,"Pinnularia divergens Smith","species"
"NEONDREX212009","Chrysophyta","Bacillariophyceae","Pennales",NA,"Chamaepinnularia","gandrupii",NA,"Chamaepinnularia gandrupii (Petersen) Lange-Bertalot et Krammer","species"
"NEONDREX186003","Chrysophyta","Bacillariophyceae","Pennales","Achnanthaceae","Psammothidium","helveticum",NA,"Psammothidium helveticum (Hustedt) Bukhtiyarova et Round","species"
"NEONDREX33066","Chrysophyta","Bacillariophyceae","Pennales","Eunotiaceae","Eunotia","intermedia",NA,"Eunotia intermedia (Krasske ex Hustedt) Nörpel et Lange-Bertalot","species"
"NEONDREX37178","Chrysophyta","Bacillariophyceae","Pennales","Gomphonemataceae","Gomphonema","minutum",NA,"Gomphonema minutum (Agardh) Agardh","species"
"NEONDREX33051","Chrysophyta","Bacillariophyceae","Pennales","Eunotiaceae","Eunotia","rhomboidea",NA,"Eunotia rhomboidea Hustedt","species"
"NEONDREX33053","Chrysophyta","Bacillariophyceae","Pennales","Eunotiaceae","Eunotia","septentrionalis",NA,"Eunotia septentrionalis Østrup","species"
"NEONDREX33083","Chrysophyta","Bacillariophyceae","Pennales","Eunotiaceae","Eunotia","paludosa",NA,"Eunotia paludosa Grunow","species"
"NEONDREX62040","Chrysophyta","Bacillariophyceae","Pennales","Stauroneidaceae","Stauroneis","thermicola",NA,"Stauroneis thermicola (Petersen) Lund","species"
"CHLOROPHYTASP","Chlorophyta",NA,NA,NA,NA,"sp.",NA,"Chlorophyta sp.","division"
"NEONDREX52051","Chrysophyta","Bacillariophyceae","Pennales","Pinnulariaceae","Pinnularia","rupestris",NA,"Pinnularia rupestris Hantzsch","species"
"NEONDREX33184","Chrysophyta","Bacillariophyceae","Pennales","Eunotiaceae","Eunotia","muscicola",NA,"Eunotia muscicola Krasske","species"
"NEONDREX850006","Cyanophyta","Myxophyceae","Oscillatoriales","Pseudanabaenaceae","Heteroleibleinia","sp.",NA,"Heteroleibleinia sp.","genus"
"NEONDREX33267","Chrysophyta","Bacillariophyceae","Pennales","Eunotiaceae","Eunotia","mucophila",NA,"Eunotia mucophila (Lange-Bertalot et Nörpel-Schempp) Lange-Bertalot","species"
"NEONDREX45002","Chrysophyta","Bacillariophyceae","Pennales","Fragilariaceae","Meridion","circulare","var. constrictum","Meridion circulare var. constrictum (Ralfs) Van Heurck","variety"
"NEONDREX33169","Chrysophyta","Bacillariophyceae","Pennales","Eunotiaceae","Eunotia","muscicola","var. tridentula","Eunotia muscicola var. tridentula Nörpel et Lange-Bertalot","variety"
"NEONDREX47007","Chrysophyta","Bacillariophyceae","Pennales","Neidiaceae","Neidium","bisulcatum",NA,"Neidium bisulcatum (Lagerstedt) Cleve","species"
"NEONDREX46648","Chrysophyta","Bacillariophyceae","Pennales","Naviculaceae","Navicula","erifuga",NA,"Navicula erifuga Lange-Bertalot","species"
"NEONDREX34006","Chrysophyta","Bacillariophyceae","Pennales","Fragilariaceae","Fragilaria","capucina",NA,"Fragilaria capucina Desmazières","species"
"NEONDREX52184","Chrysophyta","Bacillariophyceae","Pennales","Pinnulariaceae","Pinnularia","subrostrata",NA,"Pinnularia subrostrata (Cleve) Cleve-Euler","species"
"NEONDREX37338","Chrysophyta","Bacillariophyceae","Pennales","Gomphonemataceae","Gomphonema","cymbelliclinum",NA,"Gomphonema cymbelliclinum Reichardt et Lange-Bertalot","species"
"NEONDREX48126","Chrysophyta","Bacillariophyceae","Pennales","Bacillariaceae","Nitzschia","perminuta",NA,"Nitzschia perminuta (Grunow) Peragallo","species"
"NEONDREX52027","Chrysophyta","Bacillariophyceae","Pennales","Pinnulariaceae","Pinnularia","divergentissima",NA,"Pinnularia divergentissima (Grunow) Cleve","species"
"NEONDREX39003","Chrysophyta","Bacillariophyceae","Pennales","Fragilariaceae","Hannaea","arcus","f. recta","Hannaea arcus f. recta Cleve","form"
"NEONDREX46858","Chrysophyta","Bacillariophyceae","Pennales","Naviculaceae","Navicula","microcari",NA,"Navicula microcari Lange-Bertalot","species"
"NEONDREX212006","Chrysophyta","Bacillariophyceae","Pennales",NA,"Chamaepinnularia","soehrensis",NA,"Chamaepinnularia soehrensis (Krasske) Lange-Bertalot et Krammer","species"
NA,NA,NA,NA,NA,NA,NA,NA,NA,NA
"NEONDREX62148","Chrysophyta","Bacillariophyceae","Pennales","Stauroneidaceae","Stauroneis","sp.",NA,"Stauroneis sp.","genus"
"NEONDREX197003","Chrysophyta","Bacillariophyceae","Pennales","Diadesmidaceae","Diadesmis","gallica",NA,"Diadesmis gallica Smith","species"
"NEONDREX48137","Chrysophyta","Bacillariophyceae","Pennales","Bacillariaceae","Nitzschia","clausii",NA,"Nitzschia clausii Hantzsch","species"
"NEONDREX40002","Chrysophyta","Bacillariophyceae","Pennales","Bacillariaceae","Hantzschia","amphioxys",NA,"Hantzschia amphioxys (Ehrenberg) Grunow","species"
"NEONDREX186008","Chrysophyta","Bacillariophyceae","Pennales","Achnanthaceae","Psammothidium","subatomoides",NA,"Psammothidium subatomoides (Hustedt) Bukhtiyarova et Round","species"
"NEONDREX130002","Chrysophyta","Bacillariophyceae","Pennales","Diadesmidaceae","Luticola","mutica",NA,"Luticola mutica (Kützing) Mann","species"
"NEONDREX16004","Chrysophyta","Bacillariophyceae","Pennales","Achnanthaceae","Cocconeis","placentula",NA,"Cocconeis placentula Ehrenberg","species"
"NEONDREX66016","Chrysophyta","Bacillariophyceae","Pennales","Fragilariaceae","Synedra","rumpens",NA,"Synedra rumpens Kützing","species"
"NEONDREX897003","Cyanophyta","Myxophyceae","Oscillatoriales","Pseudanabaenaceae","Pseudanabaena","sp.",NA,"Pseudanabaena sp.","genus"
"NEONDREX18005","Chrysophyta","Bacillariophyceae","Pennales","Brachysiraceae","Brachysira","brebissonii",NA,"Brachysira brebissonii Ross","species"
"NEONDREX23266","Chrysophyta",NA,NA,"Cymbellaceae","Cymbella","krammeri",NA,"Cymbella krammeri Bahls","species"
"NEONDREX190016","Chrysophyta","Bacillariophyceae","Pennales","Naviculaceae","Cymbopleura","lapponica",NA,"Cymbopleura lapponica (Grunow ex Cleve) Krammer","species"
"NEONDREX27008","Chrysophyta","Bacillariophyceae","Pennales","Fragilariaceae","Diatoma","moniliformis",NA,"Diatoma moniliformis Kützing","species"
"NEONDREX12094","Chrysophyta","Bacillariophyceae","Pennales","Pinnulariaceae","Caloneis","fusus",NA,"Caloneis fusus Hamilton et Antoniades","species"
"NEONDREX92045","Chrysophyta","Bacillariophyceae","Pennales",NA,"Nupela","devilensis",NA,"Nupela devilensis Hamilton, Siver & Antoniades","species"
"NEONDREX186002","Chrysophyta","Bacillariophyceae","Pennales","Achnanthaceae","Psammothidium","grischunum","f. daonensis","Psammothidium grischunum f. daonensis (Lange-Bertalot) Bukhtiyarova and Round","form"
"NEONDREX2506002","Chrysophyta","Bacillariophyceae","Centrales","Thalassiosiraceae","Discostella","pseudostelligera",NA,"Discostella pseudostelligera (Hustedt) Houk et Klee","species"
"NEONDREX52059","Chrysophyta","Bacillariophyceae","Pennales","Pinnulariaceae","Pinnularia","subcapitata",NA,"Pinnularia subcapitata Gregory","species"
"NEONDREX52156","Chrysophyta","Bacillariophyceae","Pennales","Pinnulariaceae","Pinnularia","ignobilis",NA,"Pinnularia ignobilis (Krasske) Cleve-Euler","species"
"NEONDREX52159","Chrysophyta","Bacillariophyceae","Pennales","Pinnulariaceae","Pinnularia","gibba",NA,"Pinnularia gibba (Ehrenberg) Ehrenberg","species"
"NEONDREX33427","Chrysophyta","Bacillariophyceae","Pennales","Eunotiaceae","Eunotia","paralleladubia",NA,"Eunotia paralleladubia Lange-Bertalot et S. Mayama","species"
"NEONDREX48004","Chrysophyta","Bacillariophyceae","Pennales","Bacillariaceae","Nitzschia","amphibia",NA,"Nitzschia amphibia Grunow","species"
"NEONDREX212005","Chrysophyta","Bacillariophyceae","Pennales",NA,"Chamaepinnularia","mediocris",NA,"Chamaepinnularia mediocris (Krasske) Lange-Bertalot","species"
"NEONDREX93383","Chrysophyta","Bacillariophyceae","Pennales","Naviculaceae","Navicula","sp.",NA,"Navicula sp.","genus"
"NEONDREX46527","Chrysophyta","Bacillariophyceae","Pennales","Naviculaceae","Navicula","cryptotenella",NA,"Navicula cryptotenella Lange-Bertalot","species"
"NEONDREX187001","Chrysophyta","Bacillariophyceae","Pennales","Achnanthidiaceae","Eucocconeis","flexella",NA,"Eucocconeis flexella (Kützing) Cleve","species"
"NEONDREX1050","Chrysophyta","Bacillariophyceae","Pennales","Achnanthidiaceae","Achnanthidium","reimeri",NA,"Achnanthidium reimeri (Camburn) Ponader et Potapova","species"
"NEONDREX170134","Chrysophyta","Bacillariophyceae","Pennales","Sellaphoraceae","Sellaphora","saugerresii",NA,"Sellaphora saugerresii (Desmazieres) Wetzel et Mann","species"
"NEONDREX170006","Chrysophyta","Bacillariophyceae","Pennales","Sellaphoraceae","Sellaphora","pupula",NA,"Sellaphora pupula (Kützing) Meresckowsky","species"
"NEONDREX170133","Chrysophyta","Bacillariophyceae","Pennales","Sellaphoraceae","Sellaphora","atomoides",NA,"Sellaphora atomoides (Grunow) Wetzel et Van de Vijver","species"
"NEONDREX52013","Chrysophyta","Bacillariophyceae","Pennales","Pinnulariaceae","Pinnularia","borealis",NA,"Pinnularia borealis Ehrenberg","species"
"NEONDREX172001","Chrysophyta","Bacillariophyceae","Pennales","Fragilariaceae","Staurosira","construens",NA,"Staurosira construens Ehrenberg","species"
"NEONDREX172006","Chrysophyta","Bacillariophyceae","Pennales","Fragilariaceae","Staurosira","construens","var. venter","Staurosira construens var. venter (Ehrenberg) Hamilton","variety"
"NEONDREX33064","Chrysophyta","Bacillariophyceae","Pennales","Eunotiaceae","Eunotia","valida",NA,"Eunotia valida Hustedt","species"
"NEONDREX210006","Chrysophyta","Bacillariophyceae","Pennales","Naviculaceae","Geissleria","paludosa",NA,"Geissleria paludosa (Hustedt) Lange-Bertalot et Metzeltin","species"
"NEONDREX65002","Chrysophyta","Bacillariophyceae","Pennales","Surirellaceae","Surirella","angusta",NA,"Surirella angusta Kützing","species"
"NEONDREX33168","Chrysophyta","Bacillariophyceae","Pennales","Eunotiaceae","Eunotia","implicata",NA,"Eunotia implicata Nörpel, Alles et Lange-Bertalot","species"
"NEONDREX33015","Chrysophyta","Bacillariophyceae","Pennales","Eunotiaceae","Eunotia","exigua",NA,"Eunotia exigua (Brébisson) Rabenhorst","species"
"NEONDREX47197","Chrysophyta","Bacillariophyceae","Pennales","Naviculaceae","Cymbopleura","fluminea",NA,"Cymbopleura fluminea (Patrick et Freese) Lange-Bertalot et Krammer","species"
"NEONDREX52173","Chrysophyta","Bacillariophyceae","Pennales","Pinnulariaceae","Pinnularia","subgibba",NA,"Pinnularia subgibba Krammer","species"
"NEONDREX48349","Chrysophyta","Bacillariophyceae","Pennales","Bacillariaceae","Nitzschia","tubicola",NA,"Nitzschia tubicola Grunow","species"
"NEONDREX34105","Chrysophyta","Bacillariophyceae","Pennales","Fragilariaceae","Fragilaria","tenera",NA,"Fragilaria tenera (Smith) Lange-Bertalot","species"
"NEONDREX33001","Chrysophyta","Bacillariophyceae","Pennales","Eunotiaceae","Eunotia","arcus",NA,"Eunotia arcus Ehrenberg","species"
"NEONDREX52045","Chrysophyta","Bacillariophyceae","Pennales","Pinnulariaceae","Pinnularia","microstauron",NA,"Pinnularia microstauron (Ehrenberg) Cleve","species"
"NEONDREX455000","Chlorophyta","Chlorophyceae","Oedogoniales","Oedogoniaceae","Oedogonium","sp.",NA,"Oedogonium sp.","genus"
"NEONDREX212008","Chrysophyta","Bacillariophyceae","Pennales",NA,"Chamaepinnularia","soehrensis","var. muscicola","Chamaepinnularia soehrensis var. muscicola (Petersen) Lange-Bertalot et Krammer","variety"
"NEONDREX44248","Chrysophyta","Bacillariophyceae","Pennales","Cymbellaceae","Encyonema","obscurum",NA,"Encyonema obscurum (Krasske) Mann","species"
"NEONDREX46014","Chrysophyta","Bacillariophyceae","Pennales","Naviculaceae","Navicula","cryptocephala",NA,"Navicula cryptocephala Kützing","species"
"NEONDREX52071","Chrysophyta","Bacillariophyceae","Pennales","Pinnulariaceae","Pinnularia","viridis",NA,"Pinnularia viridis (Nitzsch) Ehrenberg","species"
"NEONDREX52049","Chrysophyta","Bacillariophyceae","Pennales","Pinnulariaceae","Pinnularia","obscura",NA,"Pinnularia obscura Krasske","species"
"NEONDREX52009","Chrysophyta","Bacillariophyceae","Pennales","Pinnulariaceae","Pinnularia","appendiculata",NA,"Pinnularia appendiculata (Agardh) Cleve","species"
"NEONDREX48122","Chrysophyta","Bacillariophyceae","Pennales","Bacillariaceae","Nitzschia","inconspicua",NA,"Nitzschia inconspicua Grunow","species"
"NEONDREX46502","Chrysophyta","Bacillariophyceae","Pennales","Naviculaceae","Navicula","pseudosilicula",NA,"Navicula pseudosilicula Hustedt","species"
"NEONDREX52194","Chrysophyta","Bacillariophyceae","Pennales","Pinnulariaceae","Pinnularia","interrupta",NA,"Pinnularia interrupta Smith","species"
"NEONDREX62002","Chrysophyta","Bacillariophyceae","Pennales","Stauroneidaceae","Stauroneis","anceps",NA,"Stauroneis anceps Ehrenberg","species"
"NEONDREX46306","Chrysophyta","Bacillariophyceae","Pennales","Naviculaceae","Navicula","schroeteri",NA,"Navicula schroeteri Meister","species"
"NEONDREX33465","Chrysophyta","Bacillariophyceae","Pennales","Eunotiaceae","Eunotia","ursamaioris",NA,"Eunotia ursamaioris Lange-Bertalot & Nörpel-Schempp","species"
"NEONDREX33045","Chrysophyta","Bacillariophyceae","Pennales","Eunotiaceae","Eunotia","praerupta",NA,"Eunotia praerupta Ehrenberg","species"
"NEONDREX18015","Chrysophyta","Bacillariophyceae","Pennales","Brachysiraceae","Brachysira","zellensis",NA,"Brachysira zellensis (Grunow) Round et Mann","species"
"NEONDREX195001","Chrysophyta","Bacillariophyceae","Pennales","Cavinulaceae","Cavinula","cocconeiformis",NA,"Cavinula cocconeiformis (Gregory ex Greville) Mann et Stickle","species"
"NEONDREX45005","Chrysophyta","Bacillariophyceae","Pennales","Fragilariaceae","Meridion","lineare",NA,"Meridion lineare Williams","species"
"NEONDREX33060","Chrysophyta","Bacillariophyceae","Pennales","Eunotiaceae","Eunotia","tenella",NA,"Eunotia tenella (Grunow) Hustedt","species"
"NEONDREX110034","Chrysophyta","Bacillariophyceae","Pennales","Cymbellaceae","Encyonema","angustecapitatum",NA,"Encyonema angustecapitatum Krammer","species"
"NEONDREX48013","Chrysophyta","Bacillariophyceae","Pennales","Bacillariaceae","Nitzschia","frustulum",NA,"Nitzschia frustulum (Kützing) Grunow","species"
"NEONDREX48011","Chrysophyta","Bacillariophyceae","Pennales","Bacillariaceae","Nitzschia","fonticola",NA,"Nitzschia fonticola (Grunow) Grunow","species"
"NEONDREX204001","Chrysophyta","Bacillariophyceae","Pennales","Naviculaceae","Adlafia","bryophila",NA,"Adlafia bryophila (Petersen) Moser, Lange-Bertalot et Metzeltin","species"
"NEONDREX33018","Chrysophyta","Bacillariophyceae","Pennales","Eunotiaceae","Eunotia","fallax",NA,"Eunotia fallax Cleve-Euler","species"
"NEONDREX48119","Chrysophyta","Bacillariophyceae","Pennales","Bacillariaceae","Nitzschia","graciliformis",NA,"Nitzschia graciliformis Lange-Bertalot et Simonsen","species"
"NEONDREX33296","Chrysophyta","Bacillariophyceae","Pennales","Eunotiaceae","Eunotia","praerupta","var. curta","Eunotia praerupta var. curta Grunow","variety"
"NEONDREX47060","Chrysophyta","Bacillariophyceae","Pennales","Neidiaceae","Neidium","hercynicum",NA,"Neidium hercynicum Mayer","species"
"NEONDREX12010","Chrysophyta","Bacillariophyceae","Pennales","Pinnulariaceae","Caloneis","silicula",NA,"Caloneis silicula (Ehrenberg) Cleve","species"
"NEONDREX48351","Chrysophyta","Bacillariophyceae","Pennales","Bacillariaceae","Nitzschia","pellucida",NA,"Nitzschia pellucida Grunow","species"
"NEONDREX25002","Chrysophyta","Bacillariophyceae","Pennales","Bacillariaceae","Denticula","tenuis",NA,"Denticula tenuis Kützing","species"
"NEONDREX64003","Chrysophyta","Bacillariophyceae","Centrales","Stephanodiscaceae","Stephanodiscus","parvus",NA,"Stephanodiscus parvus Stoermer et Håkansson","species"
"NEONDREX2508001","Chrysophyta","Bacillariophyceae","Pennales","Achnanthaceae","Platessa","conspicua",NA,"Platessa conspicua (Mayer) Lange-Bertalot","species"
"NEONDREX175005","Chrysophyta","Bacillariophyceae","Pennales","Fragilariaceae","Staurosirella","pinnata",NA,"Staurosirella pinnata (Ehrenberg) Williams et Round","species"
"NEONDREX125002","Chrysophyta","Bacillariophyceae","Pennales","Achnanthaceae","Karayevia","laterostrata",NA,"Karayevia laterostrata (Hustedt) Bukhtiyarova","species"
"NEONDREX46324","Chrysophyta","Bacillariophyceae","Pennales","Naviculaceae","Navicula","cincta",NA,"Navicula cincta (Ehrenberg) Ralfs","species"
"NEONDREX103171","Chrysophyta","Bacillariophyceae","Pennales","Pinnulariaceae","Pinnularia","viridiformis",NA,"Pinnularia viridiformis Krammer","species"
"NEONDREX37517","Chrysophyta","Bacillariophyceae","Pennales","Gomphonemataceae","Gomphonema","calcifugum",NA,"Gomphonema calcifugum Lange-Bertalot et Reichardt","species"
"NEONDREX47500","Chrysophyta","Bacillariophyceae","Pennales","Neidiaceae","Neidium","sp.",NA,"Neidium sp.","genus"
"NEONDREX186001","Chrysophyta","Bacillariophyceae","Pennales","Achnanthaceae","Psammothidium","bioretii",NA,"Psammothidium bioretii (Germain) Bukhtiyarova et Round","species"
"NEONDREX20019","Chrysophyta","Bacillariophyceae","Centrales","Stephanodiscaceae","Cyclotella","rossii",NA,"Cyclotella rossii Håkansson","species"
"NEONDREX46538","Chrysophyta","Bacillariophyceae","Pennales","Naviculaceae","Navicula","perminuta",NA,"Navicula perminuta Grunow","species"
"NEONDREX37311","Chrysophyta","Bacillariophyceae","Pennales","Gomphonemataceae","Gomphonema","parvulius",NA,"Gomphonema parvulius (Lange-Bertalot et Reichardt) Lange-Bertalot et Reichardt","species"
"NEONDREX44421","Chrysophyta","Bacillariophyceae","Pennales","Pinnulariaceae","Pinnularia","ivaloensis",NA,"Pinnularia ivaloensis Krammer","species"
"NEONDREX249001","Chrysophyta","Bacillariophyceae","Pennales","Naviculaceae","Navicula","trophicatrix",NA,"Navicula trophicatrix Lange-Bertalot","species"
"NEONDREX8998003","Chrysophyta","Bacillariophyceae","Pennales","Neidiaceae","Neidiopsis","sp.",NA,"Neidiopsis sp.","genus"
"NEONDREX12013","Chrysophyta","Bacillariophyceae","Pennales","Pinnulariaceae","Caloneis","tenuis",NA,"Caloneis tenuis (Gregory) Krammer","species"
"NEONDREX186011","Chrysophyta","Bacillariophyceae","Pennales","Achnanthaceae","Psammothidium","chlidanos",NA,"Psammothidium chlidanos (Hohn et Hellerman) Lange-Bertalot","species"
"NEONDREX199008","Chrysophyta","Bacillariophyceae","Pennales","Naviculaceae","Kobayasiella","parasubtilissima",NA,"Kobayasiella parasubtilissima (Kobayasi et Nagumo) Lange-Bertalot","species"
"NEONDREX155017","Chrysophyta","Bacillariophyceae","Pennales","Achnanthaceae","Planothidium","frequentissimum",NA,"Planothidium frequentissimum (Lange-Bertalot) Lange-Bertalot","species"
"NEONDREX110049","Chrysophyta","Bacillariophyceae","Pennales","Cymbellaceae","Encyonema","paucistriatum",NA,"Encyonema paucistriatum (Cleve-Euler) Mann","species"
"NEONDREX110017","Chrysophyta","Bacillariophyceae","Pennales","Cymbellaceae","Encyonema","latens",NA,"Encyonema latens (Krasske) Mann","species"
"NEONDREX1236","Chrysophyta","Bacillariophyceae","Pennales","Pinnulariaceae","Pinnularia","sinistra",NA,"Pinnularia sinistra Krammer","species"
"NEONDREX23068","Chrysophyta","Bacillariophyceae","Pennales","Cymbellaceae","Cymbella","tumida",NA,"Cymbella tumida (Brébisson ex Kützing) Van Heurck","species"
"NEONDREX52068","Chrysophyta","Bacillariophyceae","Pennales","Pinnulariaceae","Pinnularia","sudetica",NA,"Pinnularia sudetica (Hilse) Peragallo","species"
"NEONDREX7075","Chrysophyta","Bacillariophyceae","Pennales","Catenulaceae","Amphora","copulata",NA,"Amphora copulata (Kützing) Schoeman et Archibald","species"
"NEONDREX46749","Chrysophyta","Bacillariophyceae","Pennales","Naviculaceae","Navicula","cryptotenelloides",NA,"Navicula cryptotenelloides Lange-Bertalot","species"
"NEONDREX175001","Chrysophyta","Bacillariophyceae","Pennales","Fragilariaceae","Staurosirella","leptostauron",NA,"Staurosirella leptostauron (Ehrenberg) Williams et Round","species"
"NEONDREX37306","Chrysophyta","Bacillariophyceae","Pennales","Gomphonemataceae","Gomphonema","distans",NA,"Gomphonema distans (Cleve-Euler) Lange-Bertalot et Reichardt","species"
"NEONDREX47001","Chrysophyta","Bacillariophyceae","Pennales","Neidiaceae","Neidium","affine",NA,"Neidium affine (Ehrenberg) Pfitzer","species"
"NEONDREX46056","Chrysophyta","Bacillariophyceae","Pennales","Naviculaceae","Navicula","radiosa",NA,"Navicula radiosa Kützing","species"
"NEONDREX62078","Chrysophyta","Bacillariophyceae","Pennales","Stauroneidaceae","Stauroneis","subgracilis",NA,"Stauroneis subgracilis Lange-Bertalot et Krammer","species"
"NEONDREX190006","Chrysophyta","Bacillariophyceae","Pennales","Naviculaceae","Cymbopleura","stauroneiformis",NA,"Cymbopleura stauroneiformis (Lagerstedt) Krammer","species"
"NEONDREX33466","Chrysophyta","Bacillariophyceae","Pennales","Eunotiaceae","Eunotia","botuliformis",NA,"Eunotia botuliformis Nörpel-Schempp et Lange-Bertalot","species"
"NEONDREX103172","Chrysophyta","Bacillariophyceae","Pennales","Pinnulariaceae","Pinnularia","crucifera",NA,"Pinnularia crucifera Cleve-Euler","species"
"NEONDREX401000","Chlorophyta","Chlorophyceae","Chaetophorales","Chaetophoraceae","Gongrosira","sp.",NA,"Gongrosira sp.","genus"
"NEONDREX103173","Chrysophyta","Bacillariophyceae","Pennales","Pinnulariaceae","Pinnularia","anglica",NA,"Pinnularia anglica Krammer","species"
"NEONDREX46084","Chrysophyta","Bacillariophyceae","Pennales","Naviculaceae","Navicula","tridentula",NA,"Navicula tridentula Krasske","species"
"NEONDREX16031","Chrysophyta","Bacillariophyceae","Pennales","Achnanthaceae","Cocconeis","pseudolineata",NA,"Cocconeis pseudolineata (Geitler) Lange-Bertalot","species"
"NEONDREX819001","Cyanophyta","Myxophyceae","Chroococcales","Chamaesiphonaceae","Chamaesiphon","incrustans",NA,"Chamaesiphon incrustans Grunow","species"
"NEONDREX33019","Chrysophyta","Bacillariophyceae","Pennales","Eunotiaceae","Eunotia","flexuosa",NA,"Eunotia flexuosa (Brébisson ex Kutzing) Kützing","species"
"NEONDREX110045","Chrysophyta","Bacillariophyceae","Pennales","Cymbellaceae","Encyonema","neogracile",NA,"Encyonema neogracile Krammer","species"
"NEONDREX170135","Chrysophyta","Bacillariophyceae","Pennales","Sellaphoraceae","Sellaphora","nigri",NA,"Sellaphora nigri (De Notaris) Wetzel et Ector","species"
"NEONDREX37002","Chrysophyta","Bacillariophyceae","Pennales","Gomphonemataceae","Gomphonema","affine",NA,"Gomphonema affine Kützing","species"
"NEONDREX170066","Chrysophyta","Bacillariophyceae","Pennales","Sellaphoraceae","Sellaphora","pulchra",NA,"Sellaphora pulchra Enache et Potapova","species"
"NEONDREX197001","Chrysophyta","Bacillariophyceae","Pennales","Diadesmidaceae","Diadesmis","confervacea",NA,"Diadesmis confervacea Kützing","species"
"NEONDREX37096","Chrysophyta","Bacillariophyceae","Pennales","Gomphonemataceae","Gomphonema","pumilum",NA,"Gomphonema pumilum (Grunow) Reichardt et Lange-Bertalot","species"
"NEONDREX200002","Chrysophyta","Bacillariophyceae","Pennales","Fragilariaceae","Tabularia","fasciculata",NA,"Tabularia fasciculata (Agardh) Williams et Round","species"
"NEONDREX37065","Chrysophyta","Bacillariophyceae","Pennales","Gomphonemataceae","Gomphonema","olivaceum",NA,"Gomphonema olivaceum (Lyngbye) Kützing","species"
"NEONDREX37317","Chrysophyta","Bacillariophyceae","Pennales","Gomphonemataceae","Gomphonema","innocens",NA,"Gomphonema innocens Reichardt","species"
"NEONDREX46150","Chrysophyta","Bacillariophyceae","Pennales","Naviculaceae","Navicula","vulpina",NA,"Navicula vulpina Kützing","species"
"NEONDREX155007","Chrysophyta","Bacillariophyceae","Pennales","Achnanthaceae","Planothidium","chilense",NA,"Planothidium chilense (Hustedt) Lange-Bertalot","species"
"NAVAGR","Chrysophyta","Bacillariophyceae","Pennales","Naviculaceae","Navicula","agrestis",NA,"Navicula agrestis Hustedt","species"
"NEONDREX46616","Chrysophyta","Bacillariophyceae","Pennales","Naviculaceae","Navicula","germainii",NA,"Navicula germainii Wallace","species"
"NEONDREX57002","Chrysophyta","Bacillariophyceae","Pennales","Rhoicospheniaceae","Rhoicosphenia","abbreviata",NA,"Rhoicosphenia abbreviata (Agardh) Lange-Bertalot","species"
"NEONDREX34082","Chrysophyta","Bacillariophyceae","Pennales","Fragilariaceae","Fragilaria","vaucheriae","var. capitellata","Fragilaria vaucheriae var. capitellata (Grunow) Ross","variety"
"NEONDREX34244","Chrysophyta","Bacillariophyceae","Pennales","Fragilariaceae","Fragilaria","recapitellata",NA,"Fragilaria recapitellata Lange-Bertalot et Metzeltin","species"
"NEONDREX110018","Chrysophyta","Bacillariophyceae","Pennales","Cymbellaceae","Encyonema","auerswaldii",NA,"Encyonema auerswaldii Rabenhorst","species"
"NEONDREX25008","Chrysophyta","Bacillariophyceae","Pennales","Bacillariaceae","Denticula","kuetzingii",NA,"Denticula kuetzingii Grunow","species"
"NEONDREX37125","Chrysophyta","Bacillariophyceae","Pennales","Gomphonemataceae","Gomphonema","angustum",NA,"Gomphonema angustum Agardh","species"
"NEONDREX199001","Chrysophyta","Bacillariophyceae","Pennales","Naviculaceae","Kobayasiella","subtilissima",NA,"Kobayasiella subtilissima (Cleve) Lange-Bertalot","species"
"NEONDREX189002","Chrysophyta","Bacillariophyceae","Pennales","Achnanthaceae","Rossithidium","linearis",NA,"Rossithidium linearis (Smith) Round et Bukhtiyarova","species"
"NEONDREX8942001","Chrysophyta","Bacillariophyceae","Pennales","Naviculaceae","Eolimna","minima",NA,"Eolimna minima (Grunow) Lange-Bertalot","species"
"NEONDREX48399","Chrysophyta","Bacillariophyceae","Pennales","Bacillariaceae","Nitzschia","pseudofonticola",NA,"Nitzschia pseudofonticola Hustedt","species"
"NEONDREX37007","Chrysophyta","Bacillariophyceae","Pennales","Gomphonemataceae","Gomphonema","gracile",NA,"Gomphonema gracile Ehrenberg","species"
"NEONDREX1028","Chrysophyta","Bacillariophyceae","Pennales","Achnanthidiaceae","Achnanthidium","semiapertum",NA,"Achnanthidium semiapertum (Guermeur) Andresen, Stoermer et Kreis","species"
"NEONDREX203002","Chrysophyta","Bacillariophyceae","Pennales","Cymbellaceae","Encyonopsis","microcephala",NA,"Encyonopsis microcephala (Grunow) Krammer","species"
"NEONDREX33012","Chrysophyta","Bacillariophyceae","Pennales","Eunotiaceae","Eunotia","diodon",NA,"Eunotia diodon Ehrenberg","species"
"NEONDREX25004","Chrysophyta","Bacillariophyceae","Pennales","Bacillariaceae","Denticula","subtilis",NA,"Denticula subtilis Grunow","species"
"NEONDREX16019","Chrysophyta","Bacillariophyceae","Pennales","Achnanthaceae","Cocconeis","neodiminuta",NA,"Cocconeis neodiminuta Krammer","species"
"NEONDREX35018","Chrysophyta","Bacillariophyceae","Pennales","Amphipleuraceae","Frustulia","rhomboides","f. undulata","Frustulia rhomboides f. undulata Hustedt","form"
"NEONDREX67013","Chrysophyta","Bacillariophyceae","Pennales","Tabellariaceae","Tabellaria","ventricosa",NA,"Tabellaria ventricosa Kützing","species"
"NEONDREX210009","Chrysophyta","Bacillariophyceae","Pennales","Naviculaceae","Geissleria","schoenfeldii",NA,"Geissleria schoenfeldii (Hustedt) Lange-Bertalot et Metzeltin","species"
"NEONDREX175006","Chrysophyta","Bacillariophyceae","Pennales","Fragilariaceae","Staurosirella","pinnata","var. intercedens","Staurosirella pinnata var. intercedens (Grunow) Hamilton","variety"
"NEONDREX48225","Chrysophyta","Bacillariophyceae","Pennales","Bacillariaceae","Nitzschia","sociabilis",NA,"Nitzschia sociabilis Hustedt","species"
"NEONDREX37070","Chrysophyta","Bacillariophyceae","Pennales","Gomphonemataceae","Gomphonema","apuncto",NA,"Gomphonema apuncto Wallace","species"
"NEONDREX34118","Chrysophyta","Bacillariophyceae","Pennales","Fragilariaceae","Fragilaria","gracillima",NA,"Fragilaria gracillima Mayer","species"
"NEONDREX1038","Chrysophyta","Bacillariophyceae","Pennales","Achnanthidiaceae","Achnanthidium","deflexum",NA,"Achnanthidium deflexum (Reimer) Kingston","species"
"NEONDREX16005","Chrysophyta","Bacillariophyceae","Pennales","Achnanthaceae","Cocconeis","placentula","var. euglypta","Cocconeis placentula var. euglypta (Ehrenberg) Grunow","variety"
"NEONDREX194026","Chrysophyta","Bacillariophyceae","Pennales","Cymbellaceae","Placoneis","subplacentula",NA,"Placoneis subplacentula (Hustedt) Cox","species"
"NEONDREX62015","Chrysophyta","Bacillariophyceae","Pennales","Stauroneidaceae","Stauroneis","phoenicenteron",NA,"Stauroneis phoenicenteron (Nitzsch) Ehrenberg","species"
"NEONDREX67002","Chrysophyta","Bacillariophyceae","Pennales","Tabellariaceae","Tabellaria","fenestrata",NA,"Tabellaria fenestrata (Lyngbye) Kützing","species"
"NEONDREX932002","Cyanophyta","Myxophyceae","Oscillatoriales","Borziaceae","Komvophoron","sp.",NA,"Komvophoron sp.","genus"
"NEONDREX27003","Chrysophyta","Bacillariophyceae","Pennales","Fragilariaceae","Diatoma","hyemalis",NA,"Diatoma hyemalis (Lyngbye) Heiberg","species"
"NEONDREX67020","Chrysophyta","Bacillariophyceae","Pennales","Tabellariaceae","Tabellaria","sp.",NA,"Tabellaria sp.","genus"
"NEONDREX37030","Chrysophyta","Bacillariophyceae","Pennales","Gomphonemataceae","Gomphonema","intricatum",NA,"Gomphonema intricatum Kützing","species"
"NEONDREX48417","Chrysophyta","Bacillariophyceae","Pennales","Bacillariaceae","Nitzschia","archibaldii",NA,"Nitzschia archibaldii Lange-Bertalot","species"
"NEONDREX48340","Chrysophyta","Bacillariophyceae","Pennales","Bacillariaceae","Nitzschia","incognita",NA,"Nitzschia incognita Legler et Krasske","species"
"NEONDREX211003","Chrysophyta","Bacillariophyceae","Pennales","Naviculaceae","Mayamaea","atomus",NA,"Mayamaea atomus (Kützing) Lange-Bertalot","species"
"NEONDREX1012","Chrysophyta","Bacillariophyceae","Pennales","Achnanthidiaceae","Achnanthidium","altergracillima",NA,"Achnanthidium altergracillima (Lange-Bertalot) Round et Bukhtiyarova","species"
"NEONDREX110015","Chrysophyta","Bacillariophyceae","Pennales","Cymbellaceae","Encyonema","tenuissimum",NA,"Encyonema tenuissimum (Hustedt) Mann","species"
"NEONDREX210001","Chrysophyta","Bacillariophyceae","Pennales","Naviculaceae","Geissleria","acceptata",NA,"Geissleria acceptata (Hustedt) Lange-Bertalot et Metzeltin","species"
"NEONDREX203001","Chrysophyta","Bacillariophyceae","Pennales","Cymbellaceae","Encyonopsis","cesatii",NA,"Encyonopsis cesatii (Rabenhorst) Krammer","species"
"NEONDREX23814","Chrysophyta","Bacillariophyceae","Pennales","Cymbellaceae","Cymbella","subturgidula",NA,"Cymbella subturgidula Krammer","species"
"NEONDREX35025","Chrysophyta","Bacillariophyceae","Pennales","Amphipleuraceae","Frustulia","saxonica",NA,"Frustulia saxonica Rabenhorst","species"
"NEONDREX52033","Chrysophyta","Bacillariophyceae","Pennales","Pinnulariaceae","Pinnularia","intermedia",NA,"Pinnularia intermedia (Lagerstedt) Cleve","species"
"NEONDREX33026","Chrysophyta","Bacillariophyceae","Pennales","Eunotiaceae","Eunotia","incisa",NA,"Eunotia incisa Smith ex Gregory","species"
"NEONDREX1024","Chrysophyta","Bacillariophyceae","Pennales","Achnanthidiaceae","Achnanthidium","exiguum",NA,"Achnanthidium exiguum (Grunow) Czarnecki","species"
"NEONDREX130006","Chrysophyta","Bacillariophyceae","Pennales","Diadesmidaceae","Luticola","goeppertiana",NA,"Luticola goeppertiana (Bleisch) Mann","species"
"NEONDREX69001","Chrysophyta","Bacillariophyceae","Pennales","Diatomaceae","Thalassionema","nitzschioides",NA,"Thalassionema nitzschioides (Grunow) Van Heurck","species"
"NEONDREX48156","Chrysophyta","Bacillariophyceae","Pennales","Bacillariaceae","Nitzschia","liebethruthii",NA,"Nitzschia liebethruthii Rabenhorst","species"
"NEONDREX16011","Chrysophyta","Bacillariophyceae","Pennales","Achnanthaceae","Cocconeis","pediculus",NA,"Cocconeis pediculus Ehrenberg","species"
"NEONDREX76001","Chrysophyta","Bacillariophyceae","Pennales","Bacillariaceae","Bacillaria","paradoxa",NA,"Bacillaria paradoxa Gmelin","species"
"NEONDREX48198","Chrysophyta","Bacillariophyceae","Pennales","Bacillariaceae","Nitzschia","communis",NA,"Nitzschia communis Rabenhorst","species"
"AUDHER","Rhodophyta","Florideophyceae","Acrochaetiaceae","Acrochaetiaceae","Audouinella","hermannii",NA,"Audouinella hermannii (Roth) Duby","species"
"NAVICULASPP","Chrysophyta","Bacillariophyceae","Pennales","Naviculaceae","Navicula","spp.",NA,"Navicula spp.","genus"
"MAYAMAEASP","Chrysophyta","Bacillariophyceae","Pennales","Naviculaceae","Mayamaea","sp.",NA,"Mayamaea sp.","genus"
"NEONDREX36024","Chrysophyta","Bacillariophyceae","Pennales","Gomphonemataceae","Gomphoneis","sp.",NA,"Gomphoneis sp.","genus"
"NEONDREX186038","Chrysophyta","Bacillariophyceae","Pennales","Achnanthaceae","Psammothidium","daonense",NA,"Psammothidium daonense Lange-Bertalot emended Lange Bertalot","species"
"NITZSCHIASPP","Chrysophyta","Bacillariophyceae","Pennales","Bacillariaceae","Nitzschia","spp.",NA,"Nitzschia spp.","genus"
"GOMPHONEMASPP","Chrysophyta","Bacillariophyceae","Pennales","Gomphonemataceae","Gomphonema","spp.",NA,"Gomphonema spp.","genus"
"NEONDREX197022","Chrysophyta","Bacillariophyceae","Pennales","Diadesmidaceae","Diadesmis","sp.",NA,"Diadesmis sp.","genus"
"PSEUDOSTAUGSPP","Chrysophyta","Bacillariophyceae","Pennales","Fragilariaceae","Pseudostaurosira","spp.",NA,"Pseudostaurosira spp.","genus"
"NEONDREX210023","Chrysophyta","Bacillariophyceae","Pennales","Naviculaceae","Geissleria","sp.",NA,"Geissleria sp.","genus"
"GOMMIC","Chrysophyta","Bacillariophyceae","Pennales","Gomphonemataceae","Gomphonema","micropus","var. aequale","Gomphonema micropus var. aequale (Gregory) E. Reichardt","variety"
"EUNOTIASPP","Chrysophyta","Bacillariophyceae","Pennales","Eunotiaceae","Eunotia","spp.",NA,"Eunotia spp.","genus"
"NEONDREX186030","Chrysophyta","Bacillariophyceae","Pennales","Achnanthaceae","Psammothidium","sp.",NA,"Psammothidium sp.","genus"
"PSAMMOTHIDIUMSPP","Chrysophyta","Bacillariophyceae","Pennales","Achnanthaceae","Psammothidium","spp.",NA,"Psammothidium spp.","genus"
"NEONDREX212027","Chrysophyta","Bacillariophyceae","Pennales",NA,"Chamaepinnularia","sp.",NA,"Chamaepinnularia sp.","genus"
"STIGEOCLONIUMSPP","Chlorophyta","Chlorophyceae","Chaetophorales","Chaetophoraceae","Stigeoclonium","spp.",NA,"Stigeoclonium spp.","genus"
"NEONDREX53012","Chrysophyta","Bacillariophyceae","Pennales","Surirellaceae","Surirella","sp.",NA,"Surirella sp.","genus"
"NEONDREX52250","Chrysophyta","Bacillariophyceae","Pennales","Pinnulariaceae","Pinnularia","perirrorata",NA,"Pinnularia perirrorata Krammer","species"
"NEONDREX37399","Chrysophyta","Bacillariophyceae","Pennales","Gomphonemataceae","Gomphonema","duplipunctatum",NA,"Gomphonema duplipunctatum Lange-Bertalot et Reichardt","species"
"NEONDREX92037","Chrysophyta","Bacillariophyceae","Pennales",NA,"Nupela","elegantula",NA,"Nupela elegantula Potapova","species"
"NEONDREX9193018","Chrysophyta",NA,NA,"Diadesmidaceae","Humidophila","contenta",NA,"Humidophila contenta (Grunow) Lowe, Kociolek, Johansen, Van de Vijver, Lange-Bertalot et Kopalová","species"
"NEONDREX59001","Chrysophyta","Bacillariophyceae","Pennales","Bacillariaceae","Simonsenia","delognei",NA,"Simonsenia delognei (Grunow) Lange-Bertalot","species"
"PINDIV","Chrysophyta","Bacillariophyceae","Pennales","Pinnulariaceae","Pinnularia","divergentissima","var. minor","Pinnularia divergentissima var. minor Krammer","variety"
"PINBUL","Chrysophyta","Bacillariophyceae","Pennales","Pinnulariaceae","Pinnularia","bullacostae",NA,"Pinnularia bullacostae Krammer & Lange-Bertalot","species"
"PINNULARIASPP","Chrysophyta","Bacillariophyceae","Pennales","Pinnulariaceae","Pinnularia","spp.",NA,"Pinnularia spp.","genus"
"EUNMON","Chrysophyta","Bacillariophyceae","Pennales","Eunotiaceae","Eunotia","monnieri",NA,"Eunotia monnieri Lange-Bertalot & Tagliaventi","species"
"NEONDREX186017","Chrysophyta","Bacillariophyceae","Pennales","Achnanthaceae","Psammothidium","scoticum",NA,"Psammothidium scoticum (Flower et Jones) Bukhtiyarova et Round","species"
"NEONDREX31001","Chrysophyta","Bacillariophyceae","Pennales","Entomoneidaceae","Entomoneis","paludosa",NA,"Entomoneis paludosa (Smith) Reimer","species"
"NEONDREX93181","Chrysophyta","Bacillariophyceae","Pennales","Naviculaceae","Navicula","pseudotenelloides",NA,"Navicula pseudotenelloides Krasske","species"
"NEONDREX170107","Chrysophyta","Bacillariophyceae","Pennales","Sellaphoraceae","Sellaphora","sp.",NA,"Sellaphora sp.","genus"
"NEONDREX99004","Chrysophyta","Bacillariophyceae","Pennales","Achnanthidiaceae","Achnanthidium","sp.",NA,"Achnanthidium sp.","genus"
"NEONDREX12075","Chrysophyta","Bacillariophyceae","Pennales","Pinnulariaceae","Caloneis","sp.",NA,"Caloneis sp.","genus"
"NEONDREX34273","Chrysophyta","Bacillariophyceae","Pennales","Fragilariaceae","Fragilaria","pararumpens",NA,"Fragilaria pararumpens Lange-Bertalot, G. Hofmann & Werum","species"
"NEONDREX92032","Chrysophyta","Bacillariophyceae","Pennales",NA,"Nupela","sp.",NA,"Nupela sp.","genus"
"PHORMIDIUMSPP","Cyanophyta","Myxophyceae","Oscillatoriales","Phormidiaceae","Phormidium","spp.",NA,"Phormidium spp.","genus"
"HOMOEOTHRIXSPP","Cyanophyta","Myxophyceae","Oscillatoriales","Pseudanabaenaceae","Homoeothrix","spp.",NA,"Homoeothrix spp.","genus"
"NEONDREX48024","Chrysophyta","Bacillariophyceae","Pennales","Bacillariaceae","Nitzschia","microcephala",NA,"Nitzschia microcephala Grunow","species"
"NEONDREX204003","Chrysophyta","Bacillariophyceae","Pennales","Naviculaceae","Adlafia","minuscula","var. muralis","Adlafia minuscula var. muralis (Grunow) Lange-Bertalot","variety"
