"uid","domainID","siteID","locationID","decimalLatitude","decimalLongitude","geodeticDatum","coordinateUncertainty","elevation","elevationUncertainty","collectDate","eventID","initialStageHeight","endStageHeight","samplingImpractical","gaugeTempHydroCond","gaugeTempHydroCondLoc","dscTempHydroCond","dscTempHydroCondLoc","icePresent","beaufortScaleWind","nominalCloudCover","precipDescrip","previousRain","waterClarityDescrip","waterColorDescrip","riparianPhenologyDescrip","algaePresence","macrophytePresence","leafLitterPresence","pollenPresence","woodyDebrisPresence","oilsPresence","trashPresent","remarks","collectedBy","recordedBy","dataQF","publicationDate"
"ab1d8a55-c8cc-4aa2-863e-0e9749436153","D01","HOPB","HOPB.AOS.gauge",42.473238,-72.330931,"WGS84",0.1,214.62,0.1,2018-01-03 15:55:00,"HOPB.20180103",NA,NA,"location frozen",NA,NA,NA,NA,"Y","0-calm","partly cloudy (25 %)","none","N",NA,NA,"no leaves",NA,NA,NA,NA,NA,NA,NA,"SIV gauge 45cm. Other gauge 45.5 cm but location completely frozen. Air temp -8.1 C. Could not complete water chemistry sampling because tubing frozen. Cannot assess presence of algae etc due to ice coverage","Mbara@battelleecology.org","thillman@battelleecology.org",NA,"20200204T171747Z"
"08fe1017-f9ed-4f51-a86b-5536a553356a","D01","HOPB","HOPB.AOS.gauge",42.473238,-72.330931,"WGS84",0.1,214.62,0.1,2018-01-19 15:21:00,"HOPB.20180119",0.01,0.01,NA,NA,NA,NA,NA,"Y","0-calm","partly cloudy (25 %)","none","N","clear","colorless","no leaves","present","present","absent","absent","present","absent","absent","Staff gauge damaged/tilted so no reading could be taken","thillman@battelleecology.org","thillman@battelleecology.org",NA,"20200204T171747Z"
"fdc6b943-48c7-451d-9a21-986ae361d081","D01","HOPB","HOPB.AOS.gauge",42.473238,-72.330931,"WGS84",0.1,214.62,0.1,2018-01-25 15:11:00,"HOPB.20180125",NA,NA,NA,NA,NA,NA,NA,"Y","0-calm","clear (< 5 %)","none","Y","clear","colorless","no leaves","present","present","absent","absent","present","absent","absent","Staff gauge broken","thillman@battelleecology.org","thillman@battelleecology.org",NA,"20200204T171747Z"
"88abe537-7277-4063-a758-fa73186d0b83","D01","HOPB","HOPB.AOS.gauge",42.473238,-72.330931,"WGS84",0.1,214.62,0.1,2018-02-14 15:38:00,"HOPB.20180214",NA,NA,NA,NA,NA,NA,NA,"N","2-light breeze","clear (< 5 %)","none","N","clear","colorless","no leaves","absent","absent","absent","absent","present","absent","absent","Staff gauge broken","Mbara@battelleecology.org","Mbara@battelleecology.org",NA,"20200203T194848Z"
"4f113973-01bf-4c95-8999-369925c7c3a1","D01","HOPB","HOPB.AOS.gauge",42.473238,-72.330931,"WGS84",0.1,214.62,0.1,2018-02-20 16:22:00,"HOPB.20180220",NA,NA,NA,NA,NA,NA,NA,"Y","0-calm","overcast","mist/fog","Y","clear","colorless","no leaves","absent","absent","absent","absent","present","absent","absent","Gauge damaged so stream height unknown","rwilliams@battelleecology.org","llukas@battelleecology.org",NA,"20200203T194848Z"
"1c00165f-b060-4541-a345-49b87d524473","D01","HOPB","HOPB.AOS.gauge",42.473238,-72.330931,"WGS84",0.1,214.62,0.1,2018-02-28 16:11:00,"HOPB.20180228",NA,NA,NA,NA,NA,NA,NA,"N","2-light breeze","clear (< 5 %)","none","N","clear","colorless","no leaves","absent","absent","absent","absent","present","absent","absent","Staff gauge broken","rwilliams@battelleecology.org","kgodfrey@battelleecology.org",NA,"20200203T194848Z"
"28730fe5-a8a2-41a5-8bfc-2957cf27256a","D01","HOPB","HOPB.AOS.gauge",42.473238,-72.330931,"WGS84",0.1,214.62,0.1,2018-03-06 15:00:00,"HOPB.20180306",NA,NA,NA,NA,NA,NA,NA,"N","1-light air","clear (< 5 %)","none","N","clear","colorless","no leaves","absent","absent","absent","absent","present","absent","absent",NA,"rwilliams@battelleecology.org","rwilliams@battelleecology.org",NA,"20200203T181700Z"
"2777d30b-b861-4a33-a974-9366dc6c3699","D01","HOPB","HOPB.AOS.gauge",42.473238,-72.330931,"WGS84",0.1,214.62,0.1,2018-03-12 15:29:00,"HOPB.20180312",NA,NA,NA,NA,NA,NA,NA,"N","0-calm","clear (< 5 %)","none","N","clear","colorless","no leaves","absent","absent","absent","absent","absent","absent","absent","Staff gauge broken hence stage height unknown.","rwilliams@battelleecology.org","llukas@battelleecology.org",NA,"20200203T181700Z"
"d088a250-ce2a-479a-abbc-b2d5aae1e3a6","D01","HOPB","HOPB.AOS.gauge",42.473238,-72.330931,"WGS84",0.1,214.62,0.1,2018-03-16 16:35:00,"HOPB.20180316",NA,NA,NA,NA,NA,NA,NA,"Y","5-fresh breeze","partly cloudy (75 %)","none","N","clear","colorless","no leaves","absent","absent","absent","absent","present","absent","absent",NA,"rwilliams@battelleecology.org","rwilliams@battelleecology.org",NA,"20200203T181700Z"
"7e2ec0ed-97b0-486e-a0f1-5c32e85475d4","D01","HOPB","HOPB.AOS.gauge",42.473238,-72.330931,"WGS84",0.1,214.62,0.1,2018-03-19 17:40:00,"HOPB.20180319",NA,NA,NA,NA,NA,NA,NA,"Y","0-calm","clear (< 5 %)","none","N","clear","colorless","no leaves","absent","absent","absent","absent","present","absent","absent","Staff gauge damaged","rwilliams@battelleecology.org","thillman@battelleecology.org",NA,"20200203T181700Z"
"8abfab1a-6f73-40a3-8263-5ebbc3e4e6f4","D01","HOPB","HOPB.AOS.gauge",42.473238,-72.330931,"WGS84",0.1,214.62,0.1,2018-03-29 14:42:00,"HOPB.20180329",NA,NA,NA,NA,NA,NA,NA,"N","1-light air","overcast","none","N","clear","colorless","no leaves","absent","absent","absent","absent","present","absent","absent","Staff gauge bent","jlerner@battelleecology.org","rwilliams@battelleecology.org",NA,"20200203T181700Z"
"176fbd8f-dcb2-48a4-b1df-310b60d91fcb","D01","HOPB","HOPB.AOS.gauge",42.473238,-72.330931,"WGS84",0.1,214.62,0.1,2018-03-30 16:30:00,"HOPB.20180330",NA,NA,NA,NA,NA,NA,NA,"N","1-light air","overcast","mist/fog","Y","clear","colorless","no leaves","present","absent","present","absent","present","absent","present",NA,"rwilliams@battelleecology.org","jlerner@battelleecology.org",NA,"20200203T181700Z"
"1d01de8e-5ae7-4124-8c2e-08085b55ee48","D01","HOPB","HOPB.AOS.gauge",42.473238,-72.330931,"WGS84",0.1,214.62,0.1,2018-04-05 14:57:00,"HOPB.20180405",NA,NA,NA,NA,NA,NA,NA,"N","2-light breeze","clear (< 5 %)","none","Y","clear","colorless","no leaves","absent","absent","present","absent","present","absent","absent","Staff gauge missing","jlerner@battelleecology.org","rwilliams@battelleecology.org",NA,"20200206T180531Z"
"9c7506b2-22de-4ee8-9034-048e6d35a2bc","D01","HOPB","HOPB.AOS.gauge",42.473238,-72.330931,"WGS84",0.1,214.62,0.1,2018-04-10 14:55:00,"HOPB.20180410",NA,NA,NA,NA,NA,NA,NA,"N","0-calm","overcast","snow","Y","clear","colorless","no leaves","absent","absent","present","absent","present","absent","absent","Bent staff gauge","rwilliams@battelleecology.org","rwilliams@battelleecology.org",NA,"20200206T180531Z"
"34f47e8a-3c76-4533-b88f-17b35d02c89d","D01","HOPB","HOPB.AOS.gauge",42.473238,-72.330931,"WGS84",0.1,214.62,0.1,2018-04-11 19:45:00,"HOPB.20180411",NA,NA,NA,NA,NA,NA,NA,"N","0-calm","partly cloudy (25 %)","none","Y","clear","colorless","no leaves","present","absent","present","absent","present","absent","present","Staff gauge bent","rwilliams@battelleecology.org","jlerner@battelleecology.org",NA,"20200206T180531Z"
"51780237-33a9-4494-9015-becaafbc1778","D01","HOPB","HOPB.AOS.gauge",42.473238,-72.330931,"WGS84",0.1,214.62,0.1,2018-04-16 14:07:00,"HOPB.20180416",NA,NA,NA,NA,NA,NA,NA,"Y","0-calm","overcast","rain","Y","clear","colorless","no leaves","present","absent","present","absent","present","absent","absent","Staff gauge missing","jlerner@battelleecology.org","rwilliams@battelleecology.org",NA,"20200206T180531Z"
"c1914428-e069-4111-aac4-a051cdcda3b8","D01","HOPB","HOPB.AOS.gauge",42.473238,-72.330931,"WGS84",0.1,214.62,0.1,2018-04-17 18:41:00,"HOPB.20180417",NA,NA,NA,NA,NA,NA,NA,"N","0-calm","overcast","light rain","Y","clear","colorless","no leaves","present","absent","present","absent","present","absent","absent","Staff gauge missing","rwilliams@battelleecology.org","jlerner@battelleecology.org",NA,"20200206T180531Z"
"237f5a39-4336-4f69-878a-a285c1aff2bd","D01","HOPB","HOPB.AOS.gauge",42.473238,-72.330931,"WGS84",0.1,214.62,0.1,2018-04-20 18:30:00,"HOPB.20180420",NA,NA,NA,NA,NA,NA,NA,"N","1-light air","partly cloudy (50 %)","none","Y","clear","colorless","no leaves","present","present","present","absent","present","absent","absent",NA,"rwilliams@battelleecology.org","rwilliams@battelleecology.org",NA,"20200206T180531Z"
"c8859dd9-d6fc-42aa-88db-9608c575dedd","D01","HOPB","HOPB.AOS.gauge",42.473238,-72.330931,"WGS84",0.1,214.62,0.1,2018-04-23 21:45:00,"HOPB.20180423",NA,NA,NA,NA,NA,NA,NA,"N","1-light air","clear (< 5 %)","none","N","clear","colorless","no leaves","present","absent","present","absent","present","absent","present",NA,"rwilliams@battelleecology.org","jlerner@battelleecology.org",NA,"20200206T180531Z"
"3230c06d-4f37-46f3-ae19-3e0eb5074f91","D01","HOPB","HOPB.AOS.gauge",42.473238,-72.330931,"WGS84",0.1,214.62,0.1,2018-04-24 20:55:00,"HOPB.20180424",NA,NA,NA,NA,NA,NA,NA,"N","1-light air","partly cloudy (25 %)","none","N","clear","colorless","breaking buds","present","present","present","absent","present","absent","absent",NA,"rwilliams@battelleecology.org","rwilliams@battelleecology.org",NA,"20200206T180531Z"
"0ea857fb-0f70-49d6-855b-b19bf8cee872","D01","HOPB","HOPB.AOS.gauge",42.473238,-72.330931,"WGS84",0.1,214.62,0.1,2018-04-25 15:34:00,"HOPB.20180425",NA,NA,NA,NA,NA,NA,NA,"N","0-calm","overcast","light rain","Y","clear","blue","breaking buds","present","present","present","absent","present","absent","absent","Staff gauge missing","rwilliams@battelleecology.org","jlerner@battelleecology.org",NA,"20200206T180531Z"
"7b028a0d-537b-4543-bf25-8c7158750cdc","D01","HOPB","HOPB.AOS.gauge",42.473238,-72.330931,"WGS84",0.1,214.62,0.1,2018-04-26 15:38:00,"HOPB.20180426",NA,NA,NA,NA,NA,NA,NA,"N","0-calm","overcast","none","Y","clear","colorless","breaking buds","present","present","present","absent","present","absent","absent","Staff gauge missing","rwilliams@battelleecology.org","jlerner@battelleecology.org",NA,"20200206T180531Z"
"be227ce7-7b03-4748-b97c-195c95b86305","D01","HOPB","HOPB.AOS.gauge",42.473238,-72.330931,"WGS84",0.1,214.62,0.1,2018-04-30 21:30:00,"HOPB.20180430",NA,NA,NA,NA,NA,NA,NA,"N","0-calm","partly cloudy (75 %)","light rain","Y","clear","colorless","breaking buds","present","present","present","absent","present","absent","present",NA,"rwilliams@battelleecology.org","rwilliams@battelleecology.org",NA,"20200206T180531Z"
"f3dfc2bd-6982-4685-9972-21f87ea7d223","D01","HOPB","HOPB.AOS.gauge",42.473238,-72.330931,"WGS84",0.1,214.62,0.1,2018-05-01 21:50:00,"HOPB.20180501",NA,NA,NA,NA,NA,NA,NA,"N","0-calm","partly cloudy (50 %)","none","Y","clear","colorless","breaking buds","present","present","present","absent","present","absent","absent","Staff gauge missing","rwilliams@battelleecology.org","jlerner@battelleecology.org",NA,"20200206T193448Z"
"0df586db-236e-4348-b665-8a0d791db297","D01","HOPB","HOPB.AOS.gauge",42.473238,-72.330931,"WGS84",0.1,214.62,0.1,2018-05-02 19:53:00,"HOPB.20180502",NA,NA,NA,NA,NA,NA,NA,"N","1-light air","clear (< 5 %)","none","Y","clear","colorless","breaking buds","present","present","present","absent","present","absent","absent","Staff gauge missing","jlerner@battelleecology.org","rwilliams@battelleecology.org",NA,"20200206T193448Z"
"64cc3e06-3ae2-4adc-a13d-3e6f9667f2e8","D01","HOPB","HOPB.AOS.gauge",42.473238,-72.330931,"WGS84",0.1,214.62,0.1,2018-05-03 19:33:00,"HOPB.20180503",NA,NA,NA,NA,NA,NA,NA,"N","0-calm","partly cloudy (75 %)","light rain","Y","clear","colorless","breaking buds","present","present","present","absent","present","absent","present",NA,"rwilliams@battelleecology.org","rwilliams@battelleecology.org",NA,"20200206T193448Z"
"0d80d4f7-2233-4ca0-9709-b582b6a183a5","D01","HOPB","HOPB.AOS.gauge",42.473238,-72.330931,"WGS84",0.1,214.62,0.1,2018-05-08 16:00:00,"HOPB.20180508",NA,NA,NA,NA,NA,NA,NA,"N","0-calm","partly cloudy (25 %)","none","N","clear","colorless","increasing leaf size","present","present","present","absent","present","absent","absent",NA,"jlerner@battelleecology.org","rwilliams@battelleecology.org",NA,"20200206T193448Z"
"c9410110-9fb4-4d7d-80c6-887d0c87080b","D01","HOPB","HOPB.AOS.gauge",42.473238,-72.330931,"WGS84",0.1,214.62,0.1,2018-05-14 14:36:00,"HOPB.20180514",NA,NA,NA,NA,NA,NA,NA,"N","0-calm","partly cloudy (75 %)","none","Y","clear","colorless","increasing leaf size","present","present","absent","absent","present","absent","absent",NA,"rwilliams@battelleecology.org","rwilliams@battelleecology.org",NA,"20200206T193448Z"
"a7a4f2a2-9446-4b58-bbbb-8d4247823dc1","D01","HOPB","HOPB.AOS.gauge",42.473238,-72.330931,"WGS84",0.1,214.62,0.1,2018-05-22 15:40:00,"HOPB.20180522",NA,NA,NA,NA,NA,NA,NA,"N","0-calm","overcast","none","Y","clear","colorless","increasing leaf size","present","present","present","present","present","absent","absent","Staff gauge missing","jlerner@battelleecology.org","rwilliams@battelleecology.org",NA,"20200206T193448Z"
"2ed29ab2-bea4-47ed-a265-1a7560300ca4","D01","HOPB","HOPB.AOS.gauge",42.473238,-72.330931,"WGS84",0.1,214.62,0.1,2018-05-23 17:48:00,"HOPB.20180523",NA,NA,NA,NA,NA,NA,NA,"N","0-calm","clear (< 5 %)","none","Y","clear","colorless","increasing leaf size","present","present","present","present","present","absent","absent",NA,"rwilliams@battelleecology.org","rwilliams@battelleecology.org",NA,"20200206T193448Z"
"7cdab5ab-e5ed-4776-8040-19ada9f3c2e3","D01","HOPB","HOPB.AOS.gauge",42.473238,-72.330931,"WGS84",0.1,214.62,0.1,2018-05-24 18:28:00,"HOPB.20180524",NA,NA,NA,NA,NA,NA,NA,"N","0-calm","clear (< 5 %)","none","Y",NA,"colorless","leaves","present","present","present","absent","present","absent","absent",NA,"rwilliams@battelleecology.org","rwilliams@battelleecology.org",NA,"20200206T193448Z"
"786e8b71-6dc2-464a-8c7c-26b7cb7e0c7b","D01","HOPB","HOPB.AOS.gauge",42.473238,-72.330931,"WGS84",0.1,214.62,0.1,2018-05-29 18:39:00,"HOPB.20180529",NA,NA,NA,NA,NA,NA,NA,"N","0-calm","clear (< 5 %)","none","Y","clear","colorless","leaves","present","present","present","present","present","absent","absent","Staff gauge missing","jlerner@battelleecology.org","jlerner@battelleecology.org",NA,"20200206T193448Z"
"11c1da01-408c-4995-a3a0-1f70fd195c31","D01","HOPB","HOPB.AOS.gauge",42.473238,-72.330931,"WGS84",0.1,214.62,0.1,2018-06-04 15:15:00,"HOPB.20180604",NA,NA,NA,NA,NA,NA,NA,"N","0-calm","overcast","rain","Y","cloudy","brown","leaves","present","present","present","present","present","absent","absent","Staff gauge missing","rwilliams@battelleecology.org","jlerner@battelleecology.org",NA,"20200206T193451Z"
"7f681790-8e6d-4486-83a2-fa77dbcb7412","D01","HOPB","HOPB.AOS.gauge",42.473238,-72.330931,"WGS84",0.1,214.62,0.1,2018-06-05 18:23:00,"HOPB.20180605",NA,NA,NA,NA,NA,NA,NA,"N","1-light air","partly cloudy (75 %)","none","Y","clear","colorless","leaves","present","present","present","present","present","absent","absent","Staff gauge missing","rwilliams@battelleecology.org","rwilliams@battelleecology.org",NA,"20200206T193451Z"
"2219bcdd-5257-4310-a31b-50951c0b45da","D01","HOPB","HOPB.AOS.gauge",42.473238,-72.330931,"WGS84",0.1,214.62,0.1,2018-06-06 16:12:00,"HOPB.20180606",NA,NA,NA,NA,NA,NA,NA,"N","0-calm","partly cloudy (50 %)","none","Y","clear","colorless","leaves","present","present","present","present","present","absent","absent","Staff gauge missing","rwilliams@battelleecology.org","jlerner@battelleecology.org",NA,"20200206T193451Z"
"f666b41f-8cc4-419b-8d87-2b4f06778404","D01","HOPB","HOPB.AOS.gauge",42.473238,-72.330931,"WGS84",0.1,214.62,0.1,2018-06-19 14:57:00,"HOPB.20180619",NA,NA,NA,NA,NA,NA,NA,"N","0-calm","partly cloudy (50 %)","none","Y","clear","colorless","leaves","present","present","present","present","present","absent","absent","Staff gauge missing","jlerner@battelleecology.org","jlerner@battelleecology.org",NA,"20200206T193451Z"
"9397a091-0898-4818-97f0-8729113b4399","D01","HOPB","HOPB.AOS.gauge",42.473238,-72.330931,"WGS84",0.1,214.62,0.1,2018-06-25 19:00:00,"HOPB.20180625",NA,NA,NA,NA,NA,NA,NA,"N","1-light air","overcast","none","Y","clear","colorless","leaves","present","present","present","present","present","absent","absent","Staff gauge missing","rwilliams@battelleecology.org","jlerner@battelleecology.org",NA,"20200206T193451Z"
"81ab2aff-7660-46e8-847b-f09724ac8f84","D01","HOPB","HOPB.AOS.gauge",42.473238,-72.330931,"WGS84",0.1,214.62,0.1,2018-06-27 19:27:00,"HOPB.20180627",NA,NA,NA,NA,NA,NA,NA,"N","0-calm","overcast","none","N","clear","colorless","leaves","present","present","present","present","present","absent","absent","Staff gauge missing","rwilliams@battelleecology.org","jlerner@battelleecology.org",NA,"20200206T193451Z"
"326d262b-deed-459b-9c04-f0cf72a84945","D01","HOPB","HOPB.AOS.gauge",42.473238,-72.330931,"WGS84",0.1,214.62,0.1,2018-07-03 16:07:00,"HOPB.20180703",NA,NA,NA,NA,NA,NA,NA,"N","0-calm","partly cloudy (75 %)","none","N","clear","colorless","leaves","present","present","present","present","present","absent","absent","Staff gauge missing","rwilliams@battelleecology.org","jlerner@battelleecology.org",NA,"20200204T082936Z"
"ec2f5f65-de00-406f-b322-e47896a4dc3a","D01","HOPB","HOPB.AOS.gauge",42.473238,-72.330931,"WGS84",0.1,214.62,0.1,2018-07-09 18:23:00,"HOPB.20180709",NA,NA,NA,NA,NA,NA,NA,"N","0-calm","clear (< 5 %)","none","N","clear","colorless","leaves","present","present","present","present","present","absent","absent","Staff gauge missing","jlerner@battelleecology.org","jlerner@battelleecology.org",NA,"20200204T082936Z"
"b423df36-2a30-40ad-869f-cc4076871e4e","D01","HOPB","HOPB.AOS.gauge",42.473238,-72.330931,"WGS84",0.1,214.62,0.1,2018-07-11 15:03:00,"HOPB.20180711",NA,NA,NA,NA,NA,NA,NA,"N","2-light breeze","clear (< 5 %)","none","Y","clear","colorless","leaves","present","present","present","absent","present","absent","absent","Staff gauge missing","jlerner@battelleecology.org","llukas@battelleecology.org",NA,"20200204T082936Z"
"023c1f89-5101-45ab-ba70-bc190fb05133","D01","HOPB","HOPB.AOS.gauge",42.473238,-72.330931,"WGS84",0.1,214.62,0.1,2018-07-12 19:43:00,"HOPB.20180712",NA,NA,NA,NA,NA,NA,NA,"N","1-light air","clear (< 5 %)","none","N","clear","colorless","leaves","present","present","present","absent","present","absent","absent","Staff gauge missing","rwilliams@battelleecology.org","llukas@battelleecology.org",NA,"20200204T082936Z"
"8ea5ad75-6753-43de-a9b6-7346257a7021","D01","HOPB","HOPB.AOS.gauge",42.473238,-72.330931,"WGS84",0.1,214.62,0.1,2018-07-16 18:41:00,"HOPB.20180716",NA,NA,NA,NA,NA,NA,NA,"N","1-light air","partly cloudy (75 %)","none","Y","clear","colorless","leaves","present","present","present","absent","present","absent","absent","Staff gauge missing","jlerner@battelleecology.org","rwilliams@battelleecology.org",NA,"20200204T082936Z"
"19b7f547-5361-4683-8fdc-c1ff1f37a50b","D01","HOPB","HOPB.AOS.gauge",42.473238,-72.330931,"WGS84",0.1,214.62,0.1,2018-07-17 15:57:00,"HOPB.20180717",NA,NA,NA,NA,NA,NA,NA,"N","0-calm","overcast","none","Y","clear","colorless","leaves","present","present","present","absent","present","absent","absent",NA,"rwilliams@battelleecology.org","jlerner@battelleecology.org",NA,"20200204T082936Z"
"0d2145a4-72e9-41bb-9ae0-21f993471a2e","D01","HOPB","HOPB.AOS.gauge",42.473238,-72.330931,"WGS84",0.1,214.62,0.1,2018-07-23 18:20:00,"HOPB.20180723",NA,NA,NA,NA,NA,NA,NA,"N","0-calm","overcast","none","Y","clear","brown","leaves","present","present","present","absent","present","absent","absent",NA,"rwilliams@battelleecology.org","rwilliams@battelleecology.org",NA,"20200204T082936Z"
"32d6c637-2086-469e-852a-19cbbaf920c8","D01","HOPB","HOPB.AOS.gauge",42.473238,-72.330931,"WGS84",0.1,214.62,0.1,2018-07-30 17:57:00,"HOPB.20180730",NA,NA,NA,NA,NA,NA,NA,"N","1-light air","overcast","none","Y","clear","colorless","leaves","present","present","absent","absent","present","absent","absent",NA,"rwilliams@battelleecology.org","rwilliams@battelleecology.org",NA,"20200204T082936Z"
"ce2a9cbb-d8e0-4753-a6b0-cbd3930edc79","D01","HOPB","HOPB.AOS.gauge",42.473238,-72.330931,"WGS84",0.1,214.62,0.1,2019-03-28 14:17:00,"HOPB.20190328",NA,NA,"staff gauge not installed","None",NA,"None",NA,"N","1-light air","clear (< 5 %)","none","N","clear","colorless","no leaves","present","absent","present","absent","present","absent","absent",NA,"0000-0003-4958-6412","0000-0003-4958-6412",NA,"20200206T185915Z"
"8c345e60-7d83-4168-9f0d-e1a056cce4ee","D01","HOPB","HOPB.AOS.gauge",42.473238,-72.330931,"WGS84",0.1,214.62,0.1,2019-04-01 13:27:00,"HOPB.20190401",0.4,0.4,NA,"None",NA,"None",NA,"N","2-light breeze","partly cloudy (25 %)","none","Y","clear","colorless","no leaves","present","absent","present","absent","present","absent","absent",NA,"0000-0003-4958-6412","0000-0003-4958-6412",NA,"20200204T082922Z"
"288edb14-303d-46d8-be13-6c1666442d8a","D01","HOPB","HOPB.AOS.gauge",42.473238,-72.330931,"WGS84",0.1,214.62,0.1,2019-04-03 15:53:00,"HOPB.20190403",0.38,0.38,NA,"None",NA,"None",NA,"N","1-light air","clear (< 5 %)","none","Y","clear","colorless","no leaves","present","absent","present","absent","present","absent","absent",NA,"0000-0003-4958-6412","0000-0003-4958-6412",NA,"20200204T082922Z"
"67b258ef-6117-4ea7-b2de-166d4eeba320","D01","HOPB","HOPB.AOS.gauge",42.473238,-72.330931,"WGS84",0.1,214.62,0.1,2019-04-04 13:35:00,"HOPB.20190404",0.37,0.37,NA,"None",NA,"None",NA,"N","2-light breeze","clear (< 5 %)","none","N","clear","colorless","no leaves","present","absent","present","absent","present","absent","absent",NA,"0000-0003-4958-6412","0000-0003-4958-6412",NA,"20200204T082922Z"
"03422efc-edfd-4505-b2cb-db28e10b5c21","D01","HOPB","HOPB.AOS.gauge",42.471733,-72.330641,"WGS84",0.1,209.16,0.1,2019-04-08 19:40:00,"HOPB.20190408",0.5,0.48,NA,"None",NA,"None",NA,"N","1-light air","overcast","light rain","Y","clear","colorless","no leaves","present","present","present","absent","present","absent","absent",NA,"0000-0003-4958-6412","0000-0003-4958-6412",NA,"20200204T082922Z"
"b2dfa7c3-4a7d-43a1-89b9-f7b001a7c210","D01","HOPB","HOPB.AOS.gauge",42.471733,-72.330641,"WGS84",0.1,209.16,0.1,2019-04-09 15:43:00,"HOPB.20190409",0.41,0.41,NA,"None",NA,"None",NA,"N","1-light air","overcast","none","Y","clear","colorless","no leaves","present","present","present","absent","present","absent","absent",NA,"0000-0003-4958-6412","0000-0002-8951-4934",NA,"20200204T082922Z"
"db17b080-78f7-422a-9a43-3e9c5b1bdd4e","D01","HOPB","HOPB.AOS.gauge",42.471733,-72.330641,"WGS84",0.1,209.16,0.1,2019-04-10 20:59:00,"HOPB.20190410",0.42,0.42,NA,"None",NA,"None",NA,"N","1-light air","overcast","none","Y","clear","colorless","no leaves","present","present","present","absent","present","absent","absent",NA,"0000-0003-4958-6412","0000-0002-8951-4934",NA,"20200204T082922Z"
"1ce97a04-cf21-42d4-90a9-bebf98cd667b","D01","HOPB","HOPB.AOS.gauge",42.471733,-72.330641,"WGS84",0.1,209.16,0.1,2019-04-11 18:52:00,"HOPB.20190411",0.39,0.39,NA,"None",NA,"None",NA,"N","1-light air","clear (< 5 %)","none","N","clear","colorless","no leaves","present","present","present","absent","present","absent","absent",NA,"0000-0003-4958-6412","0000-0002-8951-4934",NA,"20200204T082922Z"
"f27a2fe2-a8bd-4496-bd0c-d8df5639602e","D01","HOPB","HOPB.AOS.gauge",42.471733,-72.330641,"WGS84",0.1,209.16,0.1,2019-04-15 15:23:00,"HOPB.20190415",0.59,0.56,NA,"None",NA,"None",NA,"N","1-light air","overcast","none","Y","cloudy","brown","breaking buds","present","present","present","absent","present","absent","absent",NA,"0000-0003-4958-6412","0000-0002-8951-4934",NA,"20200204T082922Z"
"5bc4ba64-6163-404e-a90f-82bf28090c13","D01","HOPB","HOPB.AOS.gauge",42.471733,-72.330641,"WGS84",0.1,209.16,0.1,2019-04-16 19:46:00,"HOPB.20190416",0.45,0.44,NA,"None",NA,"None",NA,"N","3-gentle breeze","clear (< 5 %)","none","Y","clear","colorless","breaking buds","present","present","present","absent","present","absent","absent",NA,"0000-0003-4958-6412","0000-0002-8951-4934",NA,"20200204T082922Z"
"8006674d-2958-4d36-a73b-e0d926d24225","D01","HOPB","HOPB.AOS.gauge",42.471733,-72.330641,"WGS84",0.1,209.16,0.1,2019-04-22 19:55:00,"HOPB.20190422",0.45,0.44,NA,"None",NA,"None",NA,"N","2-light breeze","partly cloudy (50 %)","none","Y","clear","colorless","breaking buds","present","present","present","absent","present","absent","absent",NA,"0000-0002-8951-4934","0000-0002-8951-4934",NA,"20200204T082922Z"
"ef17e8f7-4f32-41e6-a3fb-c577a932b690","D01","HOPB","HOPB.AOS.gauge",42.471733,-72.330641,"WGS84",0.1,209.16,0.1,2019-04-23 18:50:00,"HOPB.20190423",0.5,0.5,NA,"None",NA,"None",NA,"N","1-light air","overcast","none","Y","clear","colorless","breaking buds","present","present","present","absent","present","absent","absent",NA,"0000-0003-4958-6412","0000-0002-8951-4934",NA,"20200204T082922Z"
"3b2a8db5-c36d-4f51-bfe1-77731765e217","D01","HOPB","HOPB.AOS.gauge",42.471733,-72.330641,"WGS84",0.1,209.16,0.1,2019-04-24 19:20:00,"HOPB.20190424",0.48,0.47,NA,"None",NA,"None",NA,"N","3-gentle breeze","partly cloudy (50 %)","none","N","clear","colorless","breaking buds","present","present","present","absent","present","absent","absent",NA,"0000-0003-4958-6412","0000-0002-8951-4934",NA,"20200204T082922Z"
"474446d1-e803-4d53-a658-cd02b1e67208","D01","HOPB","HOPB.AOS.gauge",42.471733,-72.330641,"WGS84",0.1,209.16,0.1,2019-04-25 14:06:00,"HOPB.20190425",0.44,0.44,NA,"None",NA,"None",NA,"N","1-light air","partly cloudy (25 %)","none","N","clear","colorless","breaking buds","present","present","present","absent","present","absent","absent",NA,"0000-0003-4958-6412","0000-0003-4958-6412",NA,"20200204T082922Z"
"ba0f1368-db19-49a3-8311-fd684aff70fa","D01","HOPB","HOPB.AOS.gauge",42.471733,-72.330641,"WGS84",0.1,209.16,0.1,2019-04-30 17:29:00,"HOPB.20190430",0.48,0.48,NA,"None",NA,"None",NA,"N","1-light air","overcast","light rain","Y","clear","colorless","breaking buds","present","present","present","absent","present","absent","absent",NA,"0000-0003-4958-6412","0000-0003-4958-6412",NA,"20200204T082922Z"
"0296f35a-a51e-45f5-a040-0378675db4c6","D01","HOPB","HOPB.AOS.gauge",42.471733,-72.330641,"WGS84",0.1,209.16,0.1,2019-05-02 14:20:00,"HOPB.20190502",0.44,0.44,NA,"None",NA,"None",NA,"N","1-light air","overcast","light rain","Y","clear","colorless","breaking buds","present","present","present","absent","present","absent","absent",NA,"0000-0002-8951-4934","0000-0002-8951-4934",NA,"20200206T185929Z"
"53a6080e-0c2c-4426-804a-ac2b9adae72f","D01","HOPB","HOPB.AOS.gauge",42.471733,-72.330641,"WGS84",0.1,209.16,0.1,2019-05-06 23:21:00,"HOPB.20190506",0.42,0.42,NA,"None",NA,"None",NA,"N","2-light breeze","partly cloudy (25 %)","none","Y","clear","colorless","leaves","present","present","present","absent","present","absent","absent",NA,"0000-0003-4958-6412","0000-0002-8951-4934",NA,"20200206T185929Z"
"aeb176b1-73af-4773-b0af-082fee8fe5ce","D01","HOPB","HOPB.AOS.gauge",42.471733,-72.330641,"WGS84",0.1,209.16,0.1,2019-05-07 20:31:00,"HOPB.20190507",0.41,0.41,NA,"None",NA,"None",NA,"N","2-light breeze","partly cloudy (50 %)","none","N","clear","colorless","leaves","present","present","present","absent","present","absent","present",NA,"0000-0003-4958-6412","0000-0002-8951-4934",NA,"20200206T185929Z"
"a73fdb9d-0291-4da1-951a-813c4177d6d1","D01","HOPB","HOPB.AOS.gauge",42.471733,-72.330641,"WGS84",0.1,209.16,0.1,2019-05-08 21:06:00,"HOPB.20190508",0.41,0.41,NA,"None",NA,"None",NA,"N","1-light air","clear (< 5 %)","none","Y","clear","colorless","increasing leaf size","present","present","present","present","present","absent","absent",NA,"0000-0003-4958-6412","0000-0003-4958-6412",NA,"20200206T185929Z"
"bc01c71e-0640-44ab-aecb-9f3445b7b883","D01","HOPB","HOPB.AOS.gauge",42.471733,-72.330641,"WGS84",0.1,209.16,0.1,2019-05-09 21:39:00,"HOPB.20190509",0.39,0.39,NA,"None",NA,"None",NA,"N","2-light breeze","partly cloudy (75 %)","none","Y","clear","colorless","leaves","present","present","present","present","present","absent","present",NA,"0000-0003-4958-6412","0000-0002-8951-4934",NA,"20200206T185929Z"
"7e444008-a4a1-4619-9237-caf0c9a21a97","D01","HOPB","HOPB.AOS.gauge",42.471733,-72.330641,"WGS84",0.1,209.16,0.1,2019-05-10 22:00:00,"HOPB.20190510",0.39,0.4,NA,"None",NA,"None",NA,"N","0-calm","overcast","light rain","Y","clear","colorless","leaves","present","present","present","present","present","absent","absent",NA,"0000-0003-4958-6412","0000-0003-4958-6412",NA,"20200206T185929Z"
"4c3273c6-5909-407b-8c29-d2136a1e056e","D01","HOPB","HOPB.AOS.gauge",42.471733,-72.330641,"WGS84",0.1,209.16,0.1,2019-05-13 14:19:00,"HOPB.20190513",0.41,0.41,NA,"None",NA,"None",NA,"N","1-light air","overcast","none","Y","clear","colorless","leaves","present","present","present","present","present","absent","absent",NA,"0000-0003-4958-6412","0000-0002-8951-4934",NA,"20200206T185929Z"
"fcdea1e9-de71-4277-babb-761d6b8667d4","D01","HOPB","HOPB.AOS.gauge",42.471733,-72.330641,"WGS84",0.1,209.16,0.1,2019-05-15 16:58:00,"HOPB.20190515",0.4,0.4,NA,"None",NA,"None",NA,"N","3-gentle breeze","partly cloudy (75 %)","none","Y","clear","colorless","leaves","present","present","present","present","present","absent","absent",NA,"0000-0002-8951-4934","0000-0002-8951-4934",NA,"20200206T185929Z"
"1cb8d5d4-edcb-4c4a-9618-4801a48610dd","D01","HOPB","HOPB.AOS.gauge",42.471733,-72.330641,"WGS84",0.1,209.16,0.1,2019-05-16 18:55:00,"HOPB.20190516",0.39,0.39,NA,"None",NA,"None",NA,"N","1-light air","partly cloudy (50 %)","none","N","clear","colorless","leaves","present","present","present","present","present","absent","absent",NA,"0000-0002-8951-4934","0000-0002-8951-4934",NA,"20200206T185929Z"
"8a78e928-cad9-4ad4-bb8d-ae8e87623b7c","D01","HOPB","HOPB.AOS.gauge",42.471733,-72.330641,"WGS84",0.1,209.16,0.1,2019-05-21 13:24:00,"HOPB.20190521",0.36,0.36,NA,"None",NA,"None",NA,"N","4-moderate breeze","partly cloudy (25 %)","none","Y","clear","colorless","increasing leaf size","present","present","present","present","present","absent","absent",NA,"0000-0002-8951-4934","0000-0002-8951-4934",NA,"20200206T185929Z"
"f66a6f99-ad76-41f6-9721-f7eea93085fe","D01","HOPB","HOPB.AOS.gauge",42.471733,-72.330641,"WGS84",0.1,209.16,0.1,2019-05-22 15:21:00,"HOPB.20190522",0.36,0.36,NA,"None",NA,"None",NA,"N","2-light breeze","clear (< 5 %)","none","N","clear","colorless","increasing leaf size","heavy","present","present","heavy","present","absent","absent",NA,"0000-0003-4958-6412","0000-0003-4958-6412",NA,"20200206T185929Z"
"5d4cfd97-66e8-48ec-a9f8-86c5d309804d","D01","HOPB","HOPB.AOS.gauge",42.471733,-72.330641,"WGS84",0.1,209.16,0.1,2019-05-23 19:18:00,"HOPB.20190523",0.36,0.35,NA,"None",NA,"None",NA,"N","1-light air","overcast","none","N","clear","colorless","increasing leaf size","heavy","present","present","present","present","absent","absent",NA,"0000-0003-4958-6412","0000-0003-4958-6412",NA,"20200206T185929Z"
"82d4b825-01fe-4e97-b4e8-85954db3c956","D01","HOPB","HOPB.AOS.gauge",42.471733,-72.330641,"WGS84",0.1,209.16,0.1,2019-06-03 14:52:00,"HOPB.20190603",0.36,0.36,NA,"None",NA,"None",NA,"N","2-light breeze","partly cloudy (25 %)","none","Y","clear","brown","leaves","heavy","present","present","present","present","absent","absent",NA,"0000-0003-4958-6412","0000-0002-8951-4934",NA,"20200206T193740Z"
"f2177f97-e62b-4982-8c48-6005407dda6b","D01","HOPB","HOPB.AOS.gauge",42.471733,-72.330641,"WGS84",0.1,209.16,0.1,2019-06-04 20:10:00,"HOPB.20190604",0.34,0.33,NA,"None",NA,"None",NA,"N","2-light breeze","partly cloudy (50 %)","none","N","clear","brown","leaves","heavy","present","present","present","present","absent","absent",NA,"0000-0003-4958-6412","0000-0003-4958-6412",NA,"20200206T193740Z"
"249c9c4c-1503-4cdb-9abc-d7a38309fee9","D01","HOPB","HOPB.AOS.gauge",42.471733,-72.330641,"WGS84",0.1,209.16,0.1,2019-06-07 20:13:00,"HOPB.20190607",0.34,0.34,NA,"None",NA,"None",NA,"N","0-calm","clear (< 5 %)","none","Y","clear","colorless","increasing leaf size","present","present","present","present","present","absent","absent",NA,"0000-0003-4958-6412","0000-0003-4958-6412",NA,"20200206T193740Z"
"f30a414c-7fa6-47cd-b4ca-96af03438369","D01","HOPB","HOPB.AOS.gauge",42.471733,-72.330641,"WGS84",0.1,209.16,0.1,2019-06-12 13:18:00,"HOPB.20190612",0.33,0.33,NA,"None",NA,"None",NA,"N","0-calm","clear (< 5 %)","none","Y","clear","colorless","leaves","present","present","present","present","present","absent","absent",NA,"0000-0002-8951-4934","0000-0003-2514-5399",NA,"20200206T193740Z"
"9c72fa60-3896-4faa-93dd-02c300bce36d","D01","HOPB","HOPB.AOS.gauge",42.471733,-72.330641,"WGS84",0.1,209.16,0.1,2019-06-19 18:19:00,"HOPB.20190618",0.33,0.33,NA,"None",NA,"None",NA,"N","0-calm","overcast","light rain","Y","clear","colorless","leaves","present","present","present","present","present","absent","absent",NA,"0000-0003-4958-6412","0000-0003-4958-6412",NA,"20200206T193740Z"
"4ea70762-b77e-4621-8f3e-c0547e33780b","D01","HOPB","HOPB.AOS.gauge",42.471733,-72.330641,"WGS84",0.1,209.16,0.1,2019-06-19 19:04:00,"HOPB.20190619",0.33,0.33,NA,"None",NA,"None",NA,"N","0-calm","partly cloudy (75 %)","none","Y","clear","colorless","leaves","present","present","present","present","present","absent","absent",NA,"0000-0003-4958-6412","0000-0003-4958-6412",NA,"20200206T193740Z"
"c18b34ec-8e42-4e21-9c9d-1afbffb8dc55","D01","HOPB","HOPB.AOS.gauge",42.471733,-72.330641,"WGS84",0.1,209.16,0.1,2019-06-24 15:00:00,"HOPB.20190624",0.29,0.3,NA,"None",NA,"None",NA,"N","0-calm","clear (< 5 %)","none","N","clear","colorless","leaves","present","present","present","present","present","absent","absent",NA,"0000-0003-4958-6412","0000-0003-4958-6412",NA,"20200206T193740Z"
"bb9d1e60-ab6b-4847-90bb-cd4a2f170e65","D01","HOPB","HOPB.AOS.gauge",42.471733,-72.330641,"WGS84",0.1,209.16,0.1,2019-06-25 19:45:00,"HOPB.20190625",0.29,0.3,NA,"None",NA,"None",NA,"N","1-light air","overcast","rain","Y","clear","colorless","leaves","present","present","present","present","present","absent","absent",NA,"0000-0003-4958-6412","0000-0003-4958-6412",NA,"20200206T193740Z"
"3b94cc10-0c50-4c01-a95d-e0a2fc427b25","D01","HOPB","HOPB.AOS.gauge",42.471733,-72.330641,"WGS84",0.1,209.16,0.1,2019-06-26 20:00:00,"HOPB.20190626",0.37,0.37,NA,"None",NA,"None",NA,"N","0-calm","clear (< 5 %)","none","Y","clear","colorless","leaves","present","present","present","present","present","absent","absent",NA,"0000-0003-4958-6412","0000-0003-4958-6412",NA,"20200206T193740Z"
"6436691c-d78a-46ab-987d-fd0d57cbacc1","D01","HOPB","HOPB.AOS.gauge",42.471733,-72.330641,"WGS84",0.1,209.16,0.1,2019-07-01 16:21:00,"HOPB.20190701",0.32,0.32,NA,"None",NA,"None",NA,"N","1-light air","clear (< 5 %)","none","Y","clear","colorless","leaves","present","present","present","present","present","absent","absent",NA,"0000-0003-4958-6412","0000-0003-2386-8235",NA,"20200206T050227Z"
"4a90ca58-c9cd-46ed-878a-cccd3504a4e7","D01","HOPB","HOPB.AOS.gauge",42.471733,-72.330641,"WGS84",0.1,209.16,0.1,2019-07-02 19:49:00,"HOPB.20190702",0.29,0.29,NA,"None",NA,"None",NA,"N","1-light air","overcast","none","Y","clear","colorless","leaves","present","present","present","present","present","absent","absent",NA,"0000-0003-4958-6412","0000-0003-2386-8235",NA,"20200206T050227Z"
"86c6dfed-52d7-4775-a919-e89126137281","D01","HOPB","HOPB.AOS.gauge",42.471733,-72.330641,"WGS84",0.1,209.16,0.1,2019-07-03 17:30:00,"HOPB.20190703",0.28,0.28,NA,"None",NA,"None",NA,"N","1-light air","clear (< 5 %)","none","N","clear","colorless","leaves","present","present","present","present","present","absent","absent",NA,"0000-0003-4958-6412","0000-0002-8951-4934",NA,"20200206T050227Z"
"70f5c253-8bd9-445f-9aa4-59e10ee2e3b2","D01","HOPB","HOPB.AOS.gauge",42.471733,-72.330641,"WGS84",0.1,209.16,0.1,2019-07-08 21:00:00,"HOPB.20190708",0.26,0.26,NA,"None",NA,"None",NA,"N","0-calm","clear (< 5 %)","none","Y","clear","colorless","leaves","present","present","present","present","present","absent","absent",NA,"0000-0003-4958-6412","0000-0003-4958-6412",NA,"20200206T050227Z"
"1f0ce139-ff59-40fa-bd91-70b8cf821799","D01","HOPB","HOPB.AOS.gauge",42.471733,-72.330641,"WGS84",0.1,209.16,0.1,2019-07-09 19:05:00,"HOPB.20190709",0.26,0.25,NA,"None",NA,"None",NA,"N","2-light breeze","clear (< 5 %)","none","N","clear","brown","leaves","present","present","present","present","present","absent","absent",NA,"0000-0003-4958-6412","0000-0003-4958-6412",NA,"20200206T050227Z"
"61f8292e-b0c2-4d6d-8c6a-ddc4fb7b2aa2","D01","HOPB","HOPB.AOS.gauge",42.471733,-72.330641,"WGS84",0.1,209.16,0.1,2019-07-11 14:00:00,"HOPB.20190711",0.24,0,NA,"None",NA,"None",NA,"N","1-light air","partly cloudy (25 %)","none","N","clear","brown","leaves","present","present","present","present","present","absent","absent",NA,"0000-0002-8951-4934","0000-0002-8951-4934",NA,"20200206T050227Z"
"15b71a2f-beff-46b0-ad3b-3ceeaf531b54","D01","HOPB","HOPB.AOS.gauge",42.471733,-72.330641,"WGS84",0.1,209.16,0.1,2019-07-15 18:41:00,"HOPB.20190715",0.22,0.22,NA,"None",NA,"None",NA,"N","2-light breeze","partly cloudy (25 %)","none","N","clear","brown","leaves","present","present","present","present","present","absent","absent",NA,"0000-0003-4958-6412","0000-0002-8951-4934",NA,"20200206T050227Z"
"14a3ba02-a553-402a-8082-6338598c04f6","D01","HOPB","HOPB.AOS.gauge",42.471733,-72.330641,"WGS84",0.1,209.16,0.1,2019-07-17 13:15:00,"HOPB.20190717",0.21,0.21,NA,"None",NA,"None",NA,"N","1-light air","overcast","none","N","clear","brown","leaves","present","present","present","present","present","absent","absent",NA,"0000-0002-8951-4934","0000-0002-8951-4934",NA,"20200206T050227Z"
"a3df0dcd-19a8-4ff9-b61d-764103850312","D01","HOPB","HOPB.AOS.gauge",42.471733,-72.330641,"WGS84",0.1,209.16,0.1,2019-07-18 19:56:00,"HOPB.20190718",0.31,0.3,NA,"None",NA,"None",NA,"N","1-light air","overcast","none","Y","clear","brown","leaves","present","present","present","present","present","absent","absent",NA,"0000-0002-8951-4934","0000-0002-8951-4934",NA,"20200206T050227Z"
"57e14417-ccf5-4cc1-a480-edc37a6363a1","D01","HOPB","HOPB.AOS.gauge",42.471733,-72.330641,"WGS84",0.1,209.16,0.1,2019-07-23 19:27:00,"HOPB.20190723",0.48,0.43,NA,"None",NA,"None",NA,"N","1-light air","overcast","none","Y","clear","brown","leaves","present","present","present","present","present","absent","absent",NA,"0000-0003-4958-6412","0000-0002-8951-4934",NA,"20200206T050227Z"
"2f516304-b733-42ad-a3d5-6dd3aad47cec","D01","HOPB","HOPB.AOS.gauge",42.471733,-72.330641,"WGS84",0.1,209.16,0.1,2019-07-29 21:06:00,"HOPB.20190729",0.26,0.26,NA,"None",NA,"None",NA,"N","3-gentle breeze","clear (< 5 %)","none","N","clear","brown","leaves","present","present","present","present","present","absent","absent",NA,"0000-0003-4958-6412","0000-0003-4958-6412",NA,"20200206T050227Z"
"225c0be7-8eeb-4e2c-9c5e-0615273cb171","D01","HOPB","HOPB.AOS.gauge",42.471733,-72.330641,"WGS84",0.1,209.16,0.1,2019-07-30 19:35:00,"HOPB.20190730",0.25,0.25,NA,"None",NA,"None",NA,"N","3-gentle breeze","partly cloudy (25 %)","none","N","clear","brown","leaves","present","present","present","present","present","absent","absent",NA,"0000-0002-8951-4934","0000-0002-8951-4934",NA,"20200206T050227Z"
"36c4fc60-cf9c-46cd-9a1c-18da34689d24","D01","HOPB","HOPB.AOS.gauge",42.471733,-72.330641,"WGS84",0.1,209.16,0.1,2019-08-01 19:20:00,"HOPB.20190801",0.24,0.24,NA,"None",NA,"None",NA,"N","2-light breeze","clear (< 5 %)","none","Y","clear","brown","leaves","present","present","present","present","present","absent","absent",NA,"0000-0003-4958-6412","0000-0002-8951-4934",NA,"20200206T051229Z"
"8056a9b9-a77d-4083-998f-e9c8388091be","D01","HOPB","HOPB.AOS.gauge",42.471733,-72.330641,"WGS84",0.1,209.16,0.1,2019-08-12 19:56:00,"HOPB.20190812",0.22,0.21,NA,"None",NA,"None",NA,"N","1-light air","partly cloudy (25 %)","none","N","clear","brown","leaves","present","present","present","present","present","absent","absent",NA,"0000-0003-4958-6412","0000-0002-8951-4934",NA,"20200206T051229Z"
"314e7ee5-6efc-47c1-aef2-fab5384be637","D01","HOPB","HOPB.AOS.gauge",42.471733,-72.330641,"WGS84",0.1,209.16,0.1,2019-08-13 16:30:00,"HOPB.20190813",0.21,0.21,NA,"None",NA,"None",NA,"N","1-light air","partly cloudy (50 %)","none","N","clear","colorless","leaves","present","present","present","present","present","absent","absent",NA,"0000-0002-4386-3362","0000-0002-8951-4934",NA,"20200206T051229Z"
"ae8d3ef0-47d0-46dc-8a86-5fdcf2af79d1","D01","HOPB","HOPB.AOS.gauge",42.471733,-72.330641,"WGS84",0.1,209.16,0.1,2019-08-14 18:42:00,"HOPB.20190814",0.21,0.21,NA,"None",NA,"None",NA,"N","1-light air","partly cloudy (25 %)","none","Y","clear","colorless","leaves","present","present","present","present","present","absent","absent",NA,"0000-0002-8951-4934","0000-0003-4958-6412",NA,"20200206T051229Z"
"8a972633-26d6-4f53-9860-84d0055075a9","D01","HOPB","HOPB.AOS.gauge",42.471733,-72.330641,"WGS84",0.1,209.16,0.1,2019-08-15 19:19:00,"HOPB.20190815",0.21,0.21,NA,"None",NA,"None",NA,"N","1-light air","partly cloudy (25 %)","none","N","clear","colorless","leaves","present","present","present","present","present","absent","absent",NA,"0000-0003-4958-6412","0000-0002-8951-4934",NA,"20200206T051229Z"
"e6a41690-027a-4467-950e-b76b57232d3c","D01","HOPB","HOPB.AOS.gauge",42.471733,-72.330641,"WGS84",0.1,209.16,0.1,2019-08-16 20:30:00,"HOPB.20190816",0.2,0.2,NA,"None",NA,"None",NA,"N","2-light breeze","partly cloudy (25 %)","none","N","clear","brown","leaves","present","present","present","present","present","absent","absent",NA,"0000-0003-4958-6412","0000-0002-8951-4934",NA,"20200206T051229Z"
"dc0a44b3-32be-4e69-b9e7-e2c26f3cb888","D01","HOPB","HOPB.AOS.gauge",42.471733,-72.330641,"WGS84",0.1,209.16,0.1,2019-08-19 18:05:00,"HOPB.20190819",0.24,0.24,NA,"None",NA,"None",NA,"N","1-light air","partly cloudy (25 %)","none","Y","clear","brown","leaves","present","present","present","present","present","absent","absent",NA,"0000-0002-8951-4934","0000-0002-8951-4934",NA,"20200206T051229Z"
"eb180688-5e53-4cb6-b909-ad8eb6d19a68","D01","HOPB","HOPB.AOS.gauge",42.471733,-72.330641,"WGS84",0.1,209.16,0.1,2019-08-26 20:15:00,"HOPB.20190826",0.19,0.19,NA,"None",NA,"None",NA,"N","0-calm","clear (< 5 %)","none","N","clear","colorless","leaves","present","present","present","present","present","absent","absent",NA,"0000-0003-4958-6412","0000-0003-2514-5399",NA,"20200206T051229Z"
"8b052850-3112-4d42-9f5d-147cd1d977d5","D01","HOPB","HOPB.AOS.gauge",42.471733,-72.330641,"WGS84",0.1,209.16,0.1,2019-08-29 19:47:00,"HOPB.20190829",0.29,0.26,NA,"None",NA,"None",NA,"N","2-light breeze","clear (< 5 %)","none","Y","clear","colorless","leaves","present","present","present","present","present","absent","absent",NA,"0000-0002-8951-4934","0000-0003-2514-5399",NA,"20200206T051229Z"
"d000c0ac-c728-441e-ba6c-11eef565d52b","D01","HOPB","HOPB.AOS.gauge",42.471733,-72.330641,"WGS84",0.1,209.16,0.1,2019-09-05 13:48:00,"HOPB.20190905",0.22,0.22,NA,"None",NA,"None",NA,"N","2-light breeze","clear (< 5 %)","none","Y","clear","brown","leaves","present","present","present","present","present","absent","absent",NA,"0000-0002-8951-4934","0000-0003-2514-5399",NA,"20200204T031735Z"
"21e000ec-7f4b-49de-a737-8af93a62135f","D01","HOPB","HOPB.AOS.gauge",42.471733,-72.330641,"WGS84",0.1,209.16,0.1,2019-09-09 15:56:00,"HOPB.20190909",0.2,0.2,NA,"None",NA,"None",NA,"N","1-light air","partly cloudy (25 %)","none","N","clear","brown","leaves","present","present","present","present","present","absent","absent",NA,"0000-0003-4958-6412","0000-0002-8951-4934",NA,"20200204T031735Z"
"5d13dc8c-33f6-4e5b-99be-eadc02cc1796","D01","HOPB","HOPB.AOS.gauge",42.471733,-72.330641,"WGS84",0.1,209.16,0.1,2019-09-11 20:15:00,"HOPB.20190911",0.19,0.19,NA,"None",NA,"None",NA,"N","2-light breeze","overcast","none","Y","clear","brown","leaves","present","present","present","present","present","absent","absent",NA,"0000-0003-4958-6412","0000-0002-8951-4934",NA,"20200204T031735Z"
"60ddd65c-6c47-4d1e-abae-2652c90c5751","D01","HOPB","HOPB.AOS.gauge",42.471733,-72.330641,"WGS84",0.1,209.16,0.1,2019-09-16 20:17:00,"HOPB.20190916",0.2,0.2,NA,"None",NA,"None",NA,"N","1-light air","partly cloudy (25 %)","none","Y","clear","colorless","colored leaves","present","present","present","present","present","absent","absent",NA,"0000-0002-8951-4934","0000-0002-8951-4934",NA,"20200204T031735Z"
"a30c1d70-b57f-48f7-a0ef-c865fa0d0b88","D01","HOPB","HOPB.AOS.gauge",42.471733,-72.330641,"WGS84",0.1,209.16,0.1,2019-09-24 14:02:00,"HOPB.20190924",0.23,0.23,NA,"None",NA,"None",NA,"N","1-light air","clear (< 5 %)","none","Y","clear","colorless","falling leaves","present","present","heavy","present","present","absent","absent",NA,"0000-0002-8951-4934","0000-0003-4958-6412",NA,"20200204T031735Z"
"16bcf845-92eb-400e-9ce0-da0cc6c7e484","D01","HOPB","HOPB.AOS.gauge",42.471733,-72.330641,"WGS84",0.1,209.16,0.1,2019-09-25 14:16:00,"HOPB.20190925",0.21,0.21,NA,"None",NA,"None",NA,"N","1-light air","clear (< 5 %)","none","Y","clear","colorless","falling leaves","present","present","heavy","present","present","absent","absent",NA,"0000-0003-4958-6412","0000-0002-8951-4934",NA,"20200204T031735Z"
"f4bd7ca1-ec87-44c7-94a6-77cea1e8fdb1","D01","HOPB","HOPB.AOS.gauge",42.471733,-72.330641,"WGS84",0.1,209.16,0.1,2019-09-26 20:03:00,"HOPB.20190926",0.2,0.21,NA,"None",NA,"None",NA,"N","1-light air","overcast","heavy rain","Y","clear","colorless","falling leaves","present","present","heavy","absent","present","absent","absent","Rain started at 2pm; partly cloudy before that","0000-0003-4958-6412","0000-0002-8951-4934",NA,"20200204T031735Z"
"b054ffce-8b67-4e88-9f0f-4d916f1792dd","D01","HOPB","HOPB.AOS.gauge",42.471733,-72.330641,"WGS84",0.1,209.16,0.1,2019-10-03 17:10:00,"HOPB.20191003",0.21,0.2,NA,"None",NA,"None",NA,"N","1-light air","overcast","light rain","Y","clear","colorless","falling leaves","present","absent","heavy","absent","present","absent","absent",NA,"0000-0003-4958-6412","0000-0003-4958-6412",NA,"20200204T153341Z"
"15e98ed8-cbf5-4108-8e19-18b221f70511","D01","HOPB","HOPB.AOS.gauge",42.471733,-72.330641,"WGS84",0.1,209.16,0.1,2019-10-07 16:48:00,"HOPB.20191007",0.22,0.21,NA,"None",NA,"None",NA,"N","1-light air","overcast","none","Y","clear","colorless","falling leaves","present","absent","heavy","absent","present","absent","absent",NA,"0000-0003-4958-6412","0000-0003-4958-6412",NA,"20200204T153341Z"
"ff6429a1-eef1-42d5-8f5d-8d697aa0dce0","D01","HOPB","HOPB.AOS.gauge",42.471733,-72.330641,"WGS84",0.1,209.16,0.1,2019-10-09 15:36:00,"HOPB.20191009",0.26,0.26,NA,"None",NA,"None",NA,"N","0-calm","overcast","none","Y","clear","colorless","falling leaves","present","absent","heavy","absent","present","absent","absent",NA,"0000-0002-8951-4934","0000-0003-4958-6412",NA,"20200204T153341Z"
"2c0f2ca9-7b4f-4095-9369-1dbb6d90aa7c","D01","HOPB","HOPB.AOS.gauge",42.471733,-72.330641,"WGS84",0.1,209.16,0.1,2019-10-10 17:21:00,"HOPB.20191010",0.25,0.25,NA,"None",NA,"None",NA,"N","2-light breeze","partly cloudy (75 %)","none","Y","clear","colorless","falling leaves","present","absent","heavy","absent","present","absent","absent",NA,"0000-0003-4958-6412","0000-0003-4958-6412",NA,"20200204T153341Z"
"0d38755b-304d-4b79-929f-4336173a2c24","D01","HOPB","HOPB.AOS.gauge",42.471733,-72.330641,"WGS84",0.1,209.16,0.1,2019-10-14 18:27:00,"HOPB.20191014",0.21,0.22,NA,"None",NA,"None",NA,"N","1-light air","partly cloudy (25 %)","none","N","clear","colorless","falling leaves","present","absent","heavy","absent","present","absent","absent",NA,"0000-0003-4958-6412","0000-0003-4958-6412",NA,"20200204T153341Z"
"000aeb7b-95aa-4d9b-b488-5880c821fee0","D01","HOPB","HOPB.AOS.gauge",42.471733,-72.330641,"WGS84",0.1,209.16,0.1,2019-10-15 20:41:00,"HOPB.20191015",0.22,0.22,NA,"None",NA,"None",NA,"N","1-light air","clear (< 5 %)","none","N","clear","colorless","falling leaves","present","absent","heavy","absent","present","absent","absent",NA,"0000-0002-8951-4934","0000-0002-8951-4934",NA,"20200204T153341Z"
"e59e02b9-3b2f-410f-a3e0-f03c6c069ca4","D01","HOPB","HOPB.AOS.gauge",42.471733,-72.330641,"WGS84",0.1,209.16,0.1,2019-10-21 21:45:00,"HOPB.20191021",0.26,0.26,NA,"None",NA,"None",NA,"N","1-light air","clear (< 5 %)","none","Y","clear","colorless","falling leaves","present","absent","heavy","absent","present","absent","absent",NA,"0000-0003-4958-6412","0000-0003-4958-6412",NA,"20200204T153341Z"
"7bc14cad-2288-4e82-b8e3-9a51ff02f1d7","D01","HOPB","HOPB.AOS.gauge",42.471733,-72.330641,"WGS84",0.1,209.16,0.1,2019-10-23 20:05:00,"HOPB.20191022",0.25,0.25,NA,"None",NA,"None",NA,"N","2-light breeze","overcast","none","N","clear","colorless","falling leaves","present","absent","heavy","absent","present","absent","absent",NA,"0000-0003-4958-6412","0000-0003-4958-6412",NA,"20200204T153341Z"
"13ef4d7f-7bec-4b68-8a9f-d1fd8831d573","D01","HOPB","HOPB.AOS.gauge",42.471733,-72.330641,"WGS84",0.1,209.16,0.1,2019-10-23 15:05:00,"HOPB.20191023",0.38,0.37,NA,"None",NA,"None",NA,"N","1-light air","partly cloudy (25 %)","none","Y","clear","colorless","falling leaves","present","absent","heavy","absent","present","absent","absent",NA,"0000-0003-4958-6412","0000-0003-4958-6412",NA,"20200204T153341Z"
"fe11ecd8-dd2b-4e04-942a-652044426a89","D01","HOPB","HOPB.AOS.gauge",42.471733,-72.330641,"WGS84",0.1,209.16,0.1,2019-10-24 20:10:00,"HOPB.20191024",0.3,0.29,NA,"None",NA,"None",NA,"N","1-light air","clear (< 5 %)","none","Y","clear","colorless","falling leaves","present","absent","heavy","absent","present","absent","absent",NA,"0000-0003-4958-6412","0000-0003-4958-6412",NA,"20200204T153341Z"
"d9cd2e19-8eb3-452e-b7c6-ba59512f662a","D01","HOPB","HOPB.AOS.gauge",42.471733,-72.330641,"WGS84",0.1,209.16,0.1,2019-10-25 20:43:00,"HOPB.20191025",0.28,0.28,NA,"None",NA,"None",NA,"N","1-light air","overcast","none","N","clear","colorless","falling leaves","present","absent","heavy","absent","present","absent","absent",NA,"0000-0003-4958-6412","0000-0003-4958-6412",NA,"20200204T153341Z"
"4c856986-ea06-4a1e-88e9-b897b8411d22","D01","HOPB","HOPB.AOS.gauge",42.471733,-72.330641,"WGS84",0.1,209.16,0.1,2019-10-29 17:31:00,"HOPB.20191029",0.3,0.26,NA,"None",NA,"None",NA,"N","1-light air","overcast","none","Y","clear","colorless","falling leaves","present","absent","heavy","absent","present","absent","absent","Removed rock dam that was protecting aqua troll cable. Stage dropped significantly after removal","0000-0003-4958-6412","0000-0002-8951-4934",NA,"20200204T153341Z"
"6cfecf1d-8571-4610-885d-039b7c2306d6","D01","HOPB","HOPB.AOS.gauge",42.471733,-72.330641,"WGS84",0.1,209.16,0.1,2019-11-05 15:55:00,"HOPB.20191105",0.26,0.26,NA,"None",NA,"None",NA,"N","0-calm","overcast","none","Y","clear","colorless","falling leaves","present","absent","present","absent","present","absent","absent",NA,"0000-0003-4958-6412","0000-0003-4958-6412",NA,"20200204T153351Z"
"c78056bf-31a4-4be0-9725-6c7435797831","D01","HOPB","HOPB.AOS.gauge",42.471733,-72.330641,"WGS84",0.1,209.16,0.1,2019-11-06 20:41:00,"HOPB.20191106",0.25,0.25,NA,"None",NA,"None",NA,"N","2-light breeze","clear (< 5 %)","none","Y","clear","colorless","falling leaves","present","absent","present","absent","present","absent","absent",NA,"0000-0003-4958-6412","0000-0003-4958-6412",NA,"20200204T153351Z"
"d7790c58-7673-4bfd-b9e6-0f409da13540","D01","HOPB","HOPB.AOS.gauge",42.471733,-72.330641,"WGS84",0.1,209.16,0.1,2019-11-07 19:55:00,"HOPB.20191107",0.25,0.26,NA,"None",NA,"None",NA,"N","1-light air","overcast","rain","Y","clear","colorless","falling leaves","present","absent","present","absent","present","absent","absent",NA,"0000-0003-4958-6412","0000-0003-4958-6412",NA,"20200204T153351Z"
"338110c7-54a4-46f1-b7dd-60593c24e6cb","D01","HOPB","HOPB.AOS.gauge",42.471733,-72.330641,"WGS84",0.1,209.16,0.1,2019-11-13 15:54:00,"HOPB.20191113",0.3,0.3,NA,"None",NA,"None",NA,"Y","1-light air","overcast","none","Y","clear","colorless","no leaves","present","absent","present","absent","present","absent","absent",NA,"0000-0003-4958-6412","0000-0003-4958-6412",NA,"20200204T153351Z"
"8f30ce7e-1bc4-45aa-915c-05c03373557a","D01","HOPB","HOPB.AOS.gauge",42.471733,-72.330641,"WGS84",0.1,209.16,0.1,2019-11-18 17:25:00,"HOPB.20191118",0.25,0.25,NA,"None",NA,"None",NA,"Y","1-light air","overcast","light rain","Y","clear","colorless","no leaves","present","absent","present","absent","present","absent","absent",NA,"0000-0003-4958-6412","0000-0003-3617-6916",NA,"20200204T153351Z"
"9798aef2-e93a-4f8c-96f6-accce4f1f917","D01","HOPB","HOPB.AOS.gauge",42.471733,-72.330641,"WGS84",0.1,209.16,0.1,2019-11-21 17:39:00,"HOPB.20191121",0.27,0.27,NA,"None",NA,"None",NA,"N","1-light air","clear (< 5 %)","none","Y","clear","colorless","no leaves","absent","absent","present","absent","present","absent","absent",NA,"0000-0003-4958-6412","0000-0003-4958-6412",NA,"20200204T153351Z"
"63d32416-ce9a-4fbc-ba15-4b9511cae162","D01","HOPB","HOPB.AOS.gauge",42.471733,-72.330641,"WGS84",0.1,209.16,0.1,2019-11-26 19:00:00,"HOPB.20191126",0.32,0.32,NA,"None",NA,"None",NA,"N","1-light air","clear (< 5 %)","none","Y","clear","colorless","no leaves","absent","absent","present","absent","present","absent","absent",NA,"0000-0003-4958-6412","0000-0003-4958-6412",NA,"20200204T153351Z"
"46159ec0-c950-4155-87f9-7a18db2cf3ca","D01","HOPB","HOPB.AOS.gauge",42.471733,-72.330641,"WGS84",0.1,209.16,0.1,2019-12-04 15:50:00,"HOPB.20191204",0.39,0.38,NA,"sheetIce","At or surrounding location","sheetIce","At or surrounding location","Y","0-calm","overcast","none","N","clear","colorless","no leaves","absent","absent","present","absent","present","absent","absent","Broke ice around sensors and staff gauge.","0000-0003-4958-6412","0000-0003-4958-6412",NA,"20200210T221445Z"
"38c37588-cd7a-4ab0-a57a-cceb16032539","D01","HOPB","HOPB.AOS.gauge",42.471733,-72.330641,"WGS84",0.1,209.16,0.1,2019-12-05 18:03:00,"HOPB.20191205",0.34,0.33,NA,"borderIce","At or surrounding location","borderIce","At or surrounding location","Y","2-light breeze","partly cloudy (25 %)","none","N","clear","colorless","no leaves","absent","absent","present","absent","present","absent","absent",NA,"0000-0003-4958-6412","0000-0003-4958-6412",NA,"20200210T221445Z"
"5475de83-7bc6-4c0e-acf6-044c75b0b0b4","D01","HOPB","HOPB.AOS.gauge",42.471733,-72.330641,"WGS84",0.1,209.16,0.1,2019-12-06 18:22:00,"HOPB.20191206",0.3,0.3,NA,"borderIce","At or surrounding location","borderIce","At or surrounding location","Y","0-calm","overcast","snow","N","clear","colorless","no leaves","absent","absent","present","absent","present","absent","absent",NA,"0000-0003-4958-6412","0000-0003-4958-6412",NA,"20200210T221445Z"
"1555d3dd-f782-4dc9-be68-95c8ededc5b2","D01","HOPB","HOPB.AOS.gauge",42.471733,-72.330641,"WGS84",0.1,209.16,0.1,2019-12-09 14:29:00,"HOPB.20191209",0.35,0.35,NA,"sheetIce","At or surrounding location","sheetIce","At or surrounding location","Y","1-light air","overcast","rain","Y","clear","colorless","no leaves","absent","absent","present","absent","present","absent","absent",NA,"0000-0003-4958-6412","0000-0003-4958-6412",NA,"20200210T221445Z"
"ec19ed22-d20e-4c5c-bf1c-2ba59ee02b26","D01","HOPB","HOPB.AOS.gauge",42.471733,-72.330641,"WGS84",0.1,209.16,0.1,2019-12-19 19:00:00,"HOPB.20191219",0.45,0.45,NA,"borderIce","At or surrounding location","borderIce","At or surrounding location","Y","3-gentle breeze","clear (< 5 %)","none","N","clear","colorless","no leaves","absent","absent","present","absent","present","absent","absent",NA,"0000-0003-4958-6412","0000-0003-4958-6412",NA,"20200210T221445Z"
